clip_id,frame,time_sec,is_contact_frame,video_name,event_id,camera_angle,target_zone,gk_guessed,outcome,foot_used,kicking_leg,kick_knee_angle,supp_knee_angle,kick_ankle_angle,supp_ankle_angle,kick_hip_angle,left_elbow_angle,right_elbow_angle,kick_angular_vel,kick_angular_accel,kick_foot_speed_ms,running_speed_kmh,trunk_inclination,lateral_trunk_lean,torso_torsion_angle,mean_visibility_score,kick_hip_angular_vel,kick_ankle_angular_vel,support_foot_x,support_foot_y
crop_AJA_PAN_UEL__event_2890ce3558aa4ce9bbc0757281495a6a__t0_37284,0,0.0,0,AJA_PAN_UEL.mp4,2890ce3558aa4ce9bbc0757281495a6a,3,7,1,saved,left,left,174.1758,156.6181,,147.2896,165.4555,,147.8623,-277.9396,3799.7913,3.4388,2.7525,15.1862,15.1862,4.9491,0.7295,-127.4532,,70.6393,3.0507
crop_AJA_PAN_UEL__event_2890ce3558aa4ce9bbc0757281495a6a__t0_37284,1,0.04,0,AJA_PAN_UEL.mp4,2890ce3558aa4ce9bbc0757281495a6a,3,7,1,saved,left,left,163.0582,157.039,177.5942,154.1687,160.3574,,121.2906,-125.948,2506.3515,3.4388,2.7525,14.8282,14.8282,1.6391,0.7352,-80.2591,-55.5998,70.6393,3.0507
crop_AJA_PAN_UEL__event_2890ce3558aa4ce9bbc0757281495a6a__t0_37284,2,0.08,0,AJA_PAN_UEL.mp4,2890ce3558aa4ce9bbc0757281495a6a,3,7,1,saved,left,left,164.1,154.0944,173.1462,131.593,159.0348,,128.794,-77.4315,-1630.3039,2.4571,3.6825,17.9057,17.9057,0.1713,0.7331,-108.4658,-152.1526,70.6393,3.0507
crop_AJA_PAN_UEL__event_2890ce3558aa4ce9bbc0757281495a6a__t0_37284,3,0.12,0,AJA_PAN_UEL.mp4,2890ce3558aa4ce9bbc0757281495a6a,3,7,1,saved,left,left,156.8637,152.7839,165.422,125.0125,151.6801,,148.9831,-256.3723,-2934.7324,1.5576,0.2652,20.7422,20.7422,1.3284,0.7296,-189.0326,-60.0487,70.6393,3.0507
crop_AJA_PAN_UEL__event_2890ce3558aa4ce9bbc0757281495a6a__t0_37284,4,0.16,0,AJA_PAN_UEL.mp4,2890ce3558aa4ce9bbc0757281495a6a,3,7,1,saved,left,left,143.5902,156.701,168.3423,120.5405,143.9122,,132.1083,-312.2101,6781.3635,2.3493,0.813,21.9053,21.9053,0.8006,0.7282,-127.5198,-80.345,70.6393,3.0507
crop_AJA_PAN_UEL__event_2890ce3558aa4ce9bbc0757281495a6a__t0_37284,5,0.2,0,AJA_PAN_UEL.mp4,2890ce3558aa4ce9bbc0757281495a6a,3,7,1,saved,left,left,131.8869,163.328,158.9944,153.6788,141.4785,,119.2567,286.1368,6591.9495,2.308,1.4413,22.5193,22.5193,4.2636,0.7272,-43.203,-440.6178,70.6393,3.0507
crop_AJA_PAN_UEL__event_2890ce3558aa4ce9bbc0757281495a6a__t0_37284,6,0.24,0,AJA_PAN_UEL.mp4,2890ce3558aa4ce9bbc0757281495a6a,3,7,1,saved,left,left,166.4811,159.1073,133.0929,141.608,140.4559,,78.3855,215.1459,-4311.0418,4.0665,0.601,21.8476,21.8475,0.2176,0.741,-106.6179,203.4233,70.6393,3.0507
crop_AJA_PAN_UEL__event_2890ce3558aa4ce9bbc0757281495a6a__t0_37284,7,0.28,0,AJA_PAN_UEL.mp4,2890ce3558aa4ce9bbc0757281495a6a,3,7,1,saved,left,left,149.0986,155.7916,175.2682,144.6481,132.9491,137.5822,57.717,-58.7465,321.8055,3.4527,1.2874,21.6273,21.6273,0.97,0.7562,-81.9513,407.5951,70.6393,3.0507
crop_AJA_PAN_UEL__event_2890ce3558aa4ce9bbc0757281495a6a__t0_37284,8,0.32,0,AJA_PAN_UEL.mp4,2890ce3558aa4ce9bbc0757281495a6a,3,7,1,saved,left,left,161.7814,169.1999,165.7005,159.1,133.8998,136.3377,29.2967,240.8903,2465.9228,5.6164,0.368,19.9886,19.9886,5.8434,0.7654,115.23,24.651,70.6393,3.0507
crop_AJA_PAN_UEL__event_2890ce3558aa4ce9bbc0757281495a6a__t0_37284,9,0.36,0,AJA_PAN_UEL.mp4,2890ce3558aa4ce9bbc0757281495a6a,3,7,1,saved,left,left,168.3698,177.3419,177.2403,153.4679,142.1675,134.834,15.4617,138.5273,-1898.0908,1.7762,0.7645,19.3949,19.3949,7.7476,0.7717,256.5508,6.1543,70.6393,3.0507
crop_AJA_PAN_UEL__event_2890ce3558aa4ce9bbc0757281495a6a__t0_37284,10,0.4,0,AJA_PAN_UEL.mp4,2890ce3558aa4ce9bbc0757281495a6a,3,7,1,saved,left,left,172.8636,177.1315,,160.4758,154.4239,136.1979,11.4814,89.043,-1575.1743,3.0737,0.267,18.004,18.004,9.8524,0.7713,338.4689,,70.6393,3.0507
crop_AJA_PAN_UEL__event_2890ce3558aa4ce9bbc0757281495a6a__t0_37284,11,0.44,0,AJA_PAN_UEL.mp4,2890ce3558aa4ce9bbc0757281495a6a,3,7,1,saved,left,left,175.4932,171.8748,155.1454,177.1529,169.245,92.4366,,12.5134,-1478.9891,4.1906,6.8798,14.4996,14.4995,9.8584,0.7403,292.0376,6.6009,70.6393,3.0507
crop_AJA_PAN_UEL__event_2890ce3558aa4ce9bbc0757281495a6a__t0_37284,12,0.48,0,AJA_PAN_UEL.mp4,2890ce3558aa4ce9bbc0757281495a6a,3,7,1,saved,left,left,173.8647,162.0033,166.7209,168.622,177.7869,83.938,159.3259,-29.2761,-256.5169,2.6963,0.3018,12.9677,12.9677,9.1672,0.7333,26.6946,171.6156,70.6393,3.0507
crop_AJA_PAN_UEL__event_2890ce3558aa4ce9bbc0757281495a6a__t0_37284,13,0.52,0,AJA_PAN_UEL.mp4,2890ce3558aa4ce9bbc0757281495a6a,3,7,1,saved,left,left,,141.0329,168.8746,159.9574,,133.3296,173.5925,,,2.4752,0.541,12.7313,12.7313,10.6203,0.7423,,-33.3742,70.6393,3.0507
crop_AJA_PAN_UEL__event_2890ce3558aa4ce9bbc0757281495a6a__t0_37284,14,0.56,0,AJA_PAN_UEL.mp4,2890ce3558aa4ce9bbc0757281495a6a,3,7,1,saved,left,left,172.4376,114.4109,164.051,140.6863,164.9742,129.6933,177.2914,13.2601,-4184.9569,3.6082,6.074,10.4973,10.4973,5.5354,0.7211,-215.9312,-92.8068,70.6393,3.0507
crop_AJA_PAN_UEL__event_2890ce3558aa4ce9bbc0757281495a6a__t0_37284,15,0.6,0,AJA_PAN_UEL.mp4,2890ce3558aa4ce9bbc0757281495a6a,3,7,1,saved,left,left,174.2119,127.1259,161.4501,138.6985,154.1061,167.6664,168.1757,-342.8046,-1817.441,5.0338,4.9097,7.9298,7.9298,4.9596,0.717,-309.9979,-63.685,70.6393,3.0507
crop_AJA_PAN_UEL__event_2890ce3558aa4ce9bbc0757281495a6a__t0_37284,16,0.64,0,AJA_PAN_UEL.mp4,2890ce3558aa4ce9bbc0757281495a6a,3,7,1,saved,left,left,,141.5617,158.9562,,140.1744,138.9095,172.2725,,,1.0959,7.3362,5.8795,5.8795,12.033,0.7151,-114.1367,-108.8411,70.6393,3.0507
crop_AJA_PAN_UEL__event_2890ce3558aa4ce9bbc0757281495a6a__t0_37284,17,0.68,0,AJA_PAN_UEL.mp4,2890ce3558aa4ce9bbc0757281495a6a,3,7,1,saved,left,left,,134.7163,152.7428,106.682,144.9751,152.8457,172.4501,,,2.5495,3.8203,3.2695,3.2695,13.1758,0.7249,61.3432,-168.9304,70.6393,3.0507
crop_AJA_PAN_UEL__event_2890ce3558aa4ce9bbc0757281495a6a__t0_37284,18,0.72,0,AJA_PAN_UEL.mp4,2890ce3558aa4ce9bbc0757281495a6a,3,7,1,saved,left,left,86.6159,92.0438,145.4417,87.3077,145.0819,131.4771,,289.2035,15373.0007,5.9715,3.0931,4.2677,4.2677,7.7081,0.7364,213.4624,227.1614,70.6393,3.0507
crop_AJA_PAN_UEL__event_2890ce3558aa4ce9bbc0757281495a6a__t0_37284,19,0.76,1,AJA_PAN_UEL.mp4,2890ce3558aa4ce9bbc0757281495a6a,3,7,1,saved,left,left,138.9509,,170.9157,137.8188,162.0521,163.0191,27.1446,1308.3742,25479.2674,5.2856,6.0979,2.2692,-2.2691,7.2763,0.7161,424.2565,636.8488,70.6393,3.0507
crop_AJA_PAN_UEL__event_3ef21f05ec9c449ba204f34934548c52__t0_12987,0,0.0,0,AJA_PAN_UEL.mp4,3ef21f05ec9c449ba204f34934548c52,3,7,1,goal,left,left,149.5902,164.4534,160.1613,174.2863,168.6439,2.7228,43.465,498.8598,-8074.0881,5.1987,7.8199,20.3572,20.3572,0.3897,0.8337,-43.5596,210.1528,57.9348,-12.5229
crop_AJA_PAN_UEL__event_3ef21f05ec9c449ba204f34934548c52__t0_12987,1,0.04,0,AJA_PAN_UEL.mp4,3ef21f05ec9c449ba204f34934548c52,3,7,1,goal,left,left,169.5446,145.5372,168.5675,151.512,166.9015,,,175.8963,-9771.173,5.1987,7.8199,20.0502,20.0502,1.3278,0.8279,-89.6883,96.212,57.9348,-12.5229
crop_AJA_PAN_UEL__event_3ef21f05ec9c449ba204f34934548c52__t0_12987,2,0.08,0,AJA_PAN_UEL.mp4,3ef21f05ec9c449ba204f34934548c52,3,7,1,goal,left,left,163.6619,149.5917,167.8583,132.7129,161.4688,122.9997,161.5289,-282.8341,-4090.8766,0.6423,2.9482,20.3685,20.3685,4.3721,0.8147,-122.2124,29.5036,57.9348,-12.5229
crop_AJA_PAN_UEL__event_3ef21f05ec9c449ba204f34934548c52__t0_12987,3,0.12,0,AJA_PAN_UEL.mp4,3ef21f05ec9c449ba204f34934548c52,3,7,1,goal,left,left,146.9178,148.8326,170.9277,159.6141,157.1245,155.8457,128.4861,-151.3739,6350.646,2.6079,0.6591,16.8887,16.8887,3.504,0.8186,-175.482,-187.397,57.9348,-12.5229
crop_AJA_PAN_UEL__event_3ef21f05ec9c449ba204f34934548c52__t0_12987,4,0.16,0,AJA_PAN_UEL.mp4,3ef21f05ec9c449ba204f34934548c52,3,7,1,goal,left,left,151.552,146.3233,152.8665,134.0941,147.4302,130.2773,114.6461,225.2176,2917.3493,4.7026,2.1499,22.8872,22.8872,3.2992,0.8028,-250.0153,81.9822,57.9348,-12.5229
crop_AJA_PAN_UEL__event_3ef21f05ec9c449ba204f34934548c52__t0_12987,5,0.2,0,AJA_PAN_UEL.mp4,3ef21f05ec9c449ba204f34934548c52,3,7,1,goal,left,left,164.9353,145.352,177.4863,129.8844,137.1233,77.0884,66.2071,82.0141,-6131.8636,6.5977,2.5458,21.0583,21.0583,6.2208,0.7984,-191.1932,221.2229,57.9348,-12.5229
crop_AJA_PAN_UEL__event_3ef21f05ec9c449ba204f34934548c52__t0_12987,6,0.24,0,AJA_PAN_UEL.mp4,3ef21f05ec9c449ba204f34934548c52,3,7,1,goal,left,left,158.1131,150.3414,170.5644,141.822,132.1348,,62.5399,-265.3315,-2402.8349,2.9186,1.9768,21.1211,21.1211,5.7625,0.8048,-108.597,-36.4384,57.9348,-12.5229
crop_AJA_PAN_UEL__event_3ef21f05ec9c449ba204f34934548c52__t0_12987,7,0.28,0,AJA_PAN_UEL.mp4,3ef21f05ec9c449ba204f34934548c52,3,7,1,goal,left,left,143.7087,146.5778,174.5713,147.3758,128.4355,143.5629,,-110.2127,4777.5388,1.7541,1.0615,21.3526,21.3526,3.5356,0.8192,73.5853,43.6729,57.9348,-12.5229
crop_AJA_PAN_UEL__event_3ef21f05ec9c449ba204f34934548c52__t0_12987,8,0.32,0,AJA_PAN_UEL.mp4,3ef21f05ec9c449ba204f34934548c52,3,7,1,goal,left,left,149.2961,166.7395,174.0582,171.7108,138.0216,141.566,35.2027,116.8716,3650.4149,1.2973,5.1061,17.8215,17.8215,4.9343,0.8312,191.6437,7.1405,57.9348,-12.5229
crop_AJA_PAN_UEL__event_3ef21f05ec9c449ba204f34934548c52__t0_12987,9,0.36,0,AJA_PAN_UEL.mp4,3ef21f05ec9c449ba204f34934548c52,3,7,1,goal,left,left,153.0585,175.7441,175.1425,159.6803,143.767,147.147,8.238,181.8205,1766.0284,1.9109,4.6897,16.4755,16.4755,1.8252,0.8329,179.62,-397.9912,57.9348,-12.5229
crop_AJA_PAN_UEL__event_3ef21f05ec9c449ba204f34934548c52__t0_12987,10,0.4,0,AJA_PAN_UEL.mp4,3ef21f05ec9c449ba204f34934548c52,3,7,1,goal,left,left,163.8417,177.046,142.2189,143.7754,152.3912,139.8331,,258.1539,-102.8013,2.9773,1.8453,16.5261,16.5261,0.6321,0.8276,221.8502,-225.5053,57.9348,-12.5229
crop_AJA_PAN_UEL__event_3ef21f05ec9c449ba204f34934548c52__t0_12987,11,0.44,0,AJA_PAN_UEL.mp4,3ef21f05ec9c449ba204f34934548c52,3,7,1,goal,left,left,173.7108,176.3051,157.1021,140.4477,161.515,82.8142,158.386,173.5964,-2941.4614,0.671,2.6234,13.05,13.05,1.5731,0.8218,190.5022,-26.376,57.9348,-12.5229
crop_AJA_PAN_UEL__event_3ef21f05ec9c449ba204f34934548c52__t0_12987,12,0.48,0,AJA_PAN_UEL.mp4,3ef21f05ec9c449ba204f34934548c52,3,7,1,goal,left,left,177.7294,164.9572,140.1088,158.6732,167.6314,83.3351,166.8226,22.837,-2276.5859,2.3961,5.8805,12.204,12.2041,8.9863,0.8053,156.0072,86.8734,57.9348,-12.5229
crop_AJA_PAN_UEL__event_3ef21f05ec9c449ba204f34934548c52__t0_12987,13,0.52,0,AJA_PAN_UEL.mp4,3ef21f05ec9c449ba204f34934548c52,3,7,1,goal,left,left,,156.1383,164.052,161.2588,173.9956,123.2034,161.0665,,,3.1151,1.9323,9.927,9.927,11.9175,0.8029,113.3715,375.5196,57.9348,-12.5229
crop_AJA_PAN_UEL__event_3ef21f05ec9c449ba204f34934548c52__t0_12987,14,0.56,0,AJA_PAN_UEL.mp4,3ef21f05ec9c449ba204f34934548c52,3,7,1,goal,left,left,,106.0305,170.1504,153.5328,176.7011,131.9442,145.1716,,,1.9826,1.295,9.2368,9.2368,15.8064,0.805,-46.6053,105.9801,57.9348,-12.5229
crop_AJA_PAN_UEL__event_3ef21f05ec9c449ba204f34934548c52__t0_12987,15,0.6,0,AJA_PAN_UEL.mp4,3ef21f05ec9c449ba204f34934548c52,3,7,1,goal,left,left,171.1544,123.1657,172.5304,154.0601,170.2672,124.9086,160.1732,-71.2655,1526.9693,5.3131,3.6312,8.2143,8.2143,14.5189,0.8031,-265.6679,7.2569,57.9348,-12.5229
crop_AJA_PAN_UEL__event_3ef21f05ec9c449ba204f34934548c52__t0_12987,16,0.64,0,AJA_PAN_UEL.mp4,3ef21f05ec9c449ba204f34934548c52,3,7,1,goal,left,left,167.6448,122.6669,170.731,157.4495,155.4477,154.0514,156.5628,82.2596,1336.1784,3.7391,6.9978,5.1305,5.1305,13.0895,0.8074,-398.0507,-273.6952,57.9348,-12.5229
crop_AJA_PAN_UEL__event_3ef21f05ec9c449ba204f34934548c52__t0_12987,17,0.68,0,AJA_PAN_UEL.mp4,3ef21f05ec9c449ba204f34934548c52,3,7,1,goal,left,left,177.7351,139.668,150.6348,157.7781,138.4231,152.8257,163.1881,35.6288,-1936.8166,0.5907,8.5429,2.1699,2.1698,14.7372,0.8027,-176.9211,-437.2875,57.9348,-12.5229
crop_AJA_PAN_UEL__event_3ef21f05ec9c449ba204f34934548c52__t0_12987,18,0.72,0,AJA_PAN_UEL.mp4,3ef21f05ec9c449ba204f34934548c52,3,7,1,goal,left,left,,151.0157,135.748,167.5185,141.294,140.2126,170.0826,,,1.7639,2.6385,3.1753,3.1753,6.3373,0.8066,407.2771,-406.3868,57.9348,-12.5229
crop_AJA_PAN_UEL__event_3ef21f05ec9c449ba204f34934548c52__t0_12987,19,0.76,1,AJA_PAN_UEL.mp4,3ef21f05ec9c449ba204f34934548c52,3,7,1,goal,left,left,163.2551,154.4466,118.1238,156.2123,171.0053,135.0779,167.8604,-181.0003,-2707.864,11.4112,3.3966,0.1824,-0.1834,9.8995,0.8079,742.7826,-440.6036,57.9348,-12.5229
crop_AJA_PAN_UEL__event_c0a4515612d247faba1b9da3b5e3cf4f__t0_36131,0,0.0,0,AJA_PAN_UEL.mp4,c0a4515612d247faba1b9da3b5e3cf4f,3,Out,0,out,right,right,109.5989,168.372,127.9212,157.098,141.9017,,84.6022,-575.4496,6677.3891,1.7203,3.2503,39.9629,39.9629,11.7619,0.7856,-360.656,-202.8925,151.9305,-26.2821
crop_AJA_PAN_UEL__event_c0a4515612d247faba1b9da3b5e3cf4f__t0_36131,1,0.04,0,AJA_PAN_UEL.mp4,c0a4515612d247faba1b9da3b5e3cf4f,3,Out,0,out,right,right,86.5809,155.4944,119.8055,155.6368,127.4754,,88.0524,-308.354,6870.7883,1.7203,3.2503,40.6174,40.6174,19.0224,0.7887,-332.2056,-147.121,151.9305,-26.2821
crop_AJA_PAN_UEL__event_c0a4515612d247faba1b9da3b5e3cf4f__t0_36131,2,0.08,0,AJA_PAN_UEL.mp4,c0a4515612d247faba1b9da3b5e3cf4f,3,Out,0,out,right,right,84.9306,132.389,116.1516,153.913,115.3252,,99.9938,-25.7865,6362.5515,2.8632,3.7133,42.2784,42.2784,10.55,0.784,-257.4142,221.9439,151.9305,-26.2821
crop_AJA_PAN_UEL__event_c0a4515612d247faba1b9da3b5e3cf4f__t0_36131,3,0.12,0,AJA_PAN_UEL.mp4,c0a4515612d247faba1b9da3b5e3cf4f,3,Out,0,out,right,right,84.518,118.4391,137.5611,136.2489,106.8823,,,200.6501,5809.8841,1.0196,2.9061,42.5582,42.5582,6.737,0.7943,-152.8599,186.0508,151.9305,-26.2821
crop_AJA_PAN_UEL__event_c0a4515612d247faba1b9da3b5e3cf4f__t0_36131,4,0.16,0,AJA_PAN_UEL.mp4,c0a4515612d247faba1b9da3b5e3cf4f,3,Out,0,out,right,right,100.9826,140.3602,131.0356,132.7076,103.0965,,122.4749,439.0042,2130.4309,5.9009,2.932,42.973,42.973,5.6977,0.8002,-8.1848,-102.4895,151.9305,-26.2821
crop_AJA_PAN_UEL__event_c0a4515612d247faba1b9da3b5e3cf4f__t0_36131,5,0.2,0,AJA_PAN_UEL.mp4,c0a4515612d247faba1b9da3b5e3cf4f,3,Out,0,out,right,right,119.6383,143.7581,129.3619,167.9421,106.2275,,92.1439,371.0846,-5859.2236,4.7383,2.6958,42.4365,42.4365,18.4214,0.8079,2.4817,-75.9765,151.9305,-26.2821
crop_AJA_PAN_UEL__event_c0a4515612d247faba1b9da3b5e3cf4f__t0_36131,6,0.24,0,AJA_PAN_UEL.mp4,c0a4515612d247faba1b9da3b5e3cf4f,3,Out,0,out,right,right,130.6693,146.6986,124.9575,161.1326,103.295,,96.7393,-29.7337,-2332.7541,4.331,2.9896,44.0655,44.0655,17.8472,0.8135,105.6379,-123.6266,151.9305,-26.2821
crop_AJA_PAN_UEL__event_c0a4515612d247faba1b9da3b5e3cf4f__t0_36131,7,0.28,0,AJA_PAN_UEL.mp4,c0a4515612d247faba1b9da3b5e3cf4f,3,Out,0,out,right,right,117.2596,141.3012,119.4718,121.5387,114.6786,,97.8192,184.4643,3959.1718,6.7284,3.7847,43.0614,43.0614,37.5803,0.8166,167.368,42.1653,151.9305,-26.2821
crop_AJA_PAN_UEL__event_c0a4515612d247faba1b9da3b5e3cf4f__t0_36131,8,0.32,0,AJA_PAN_UEL.mp4,c0a4515612d247faba1b9da3b5e3cf4f,3,Out,0,out,right,right,145.4265,151.9522,128.3307,144.3551,116.6844,,87.9324,287.0001,-1804.0228,6.183,0.8068,43.8554,43.8554,52.8076,0.8256,69.0483,55.1256,151.9305,-26.2821
crop_AJA_PAN_UEL__event_c0a4515612d247faba1b9da3b5e3cf4f__t0_36131,9,0.36,0,AJA_PAN_UEL.mp4,c0a4515612d247faba1b9da3b5e3cf4f,3,Out,0,out,right,right,140.2196,147.7365,123.8818,126.1534,120.2024,,,40.1424,-215.4136,2.8839,1.2446,43.2548,43.2548,34.6313,0.8382,229.0102,-369.7695,151.9305,-26.2821
crop_AJA_PAN_UEL__event_c0a4515612d247faba1b9da3b5e3cf4f__t0_36131,10,0.4,0,AJA_PAN_UEL.mp4,c0a4515612d247faba1b9da3b5e3cf4f,3,Out,0,out,right,right,148.6379,133.2957,98.7492,119.4869,135.0052,,90.3677,269.767,2979.126,0.5305,1.0297,43.4652,43.4652,19.5422,0.8402,370.3012,32.9179,151.9305,-26.2821
crop_AJA_PAN_UEL__event_c0a4515612d247faba1b9da3b5e3cf4f__t0_36131,11,0.44,0,AJA_PAN_UEL.mp4,c0a4515612d247faba1b9da3b5e3cf4f,3,Out,0,out,right,right,161.801,110.2728,126.5152,142.3605,149.8265,,102.1049,278.4725,-1729.3835,7.611,2.8136,42.2466,42.2466,7.5189,0.8468,339.3835,535.219,151.9305,-26.2821
crop_AJA_PAN_UEL__event_c0a4515612d247faba1b9da3b5e3cf4f__t0_36131,12,0.48,0,AJA_PAN_UEL.mp4,c0a4515612d247faba1b9da3b5e3cf4f,3,Out,0,out,right,right,170.9157,124.1687,141.5667,147.4594,162.1559,,107.2192,131.4163,-6747.303,3.6966,2.1253,43.2883,43.2883,20.8085,0.8432,324.9088,221.8424,151.9305,-26.2821
crop_AJA_PAN_UEL__event_c0a4515612d247faba1b9da3b5e3cf4f__t0_36131,13,0.52,0,AJA_PAN_UEL.mp4,c0a4515612d247faba1b9da3b5e3cf4f,3,Out,0,out,right,right,172.3143,117.9,144.2626,157.6242,175.8192,,121.7992,-261.3117,-9031.6629,4.3629,1.1912,42.5047,42.5047,20.9373,0.8473,130.5335,200.1139,151.9305,-26.2821
crop_AJA_PAN_UEL__event_c0a4515612d247faba1b9da3b5e3cf4f__t0_36131,14,0.56,0,AJA_PAN_UEL.mp4,c0a4515612d247faba1b9da3b5e3cf4f,3,Out,0,out,right,right,150.0107,130.3201,157.5758,162.0027,,,142.8143,-591.1167,3566.2317,6.4872,7.3392,37.3379,37.3378,92.4466,0.8457,,68.5326,151.9305,-26.2821
crop_AJA_PAN_UEL__event_c0a4515612d247faba1b9da3b5e3cf4f__t0_36131,15,0.6,0,AJA_PAN_UEL.mp4,c0a4515612d247faba1b9da3b5e3cf4f,3,Out,0,out,right,right,125.025,138.2693,149.7452,166.4265,169.378,,141.9244,23.9868,9540.6336,6.2959,8.9444,30.202,30.202,110.7653,0.8506,-704.961,-103.8517,151.9305,-26.2821
crop_AJA_PAN_UEL__event_c0a4515612d247faba1b9da3b5e3cf4f__t0_36131,16,0.64,0,AJA_PAN_UEL.mp4,c0a4515612d247faba1b9da3b5e3cf4f,3,Out,0,out,right,right,151.9297,153.8748,149.2677,151.5892,116.2017,,166.7484,172.134,-1024.85,28.8345,2.7704,26.8129,26.8129,11.8274,0.8435,-647.4511,-361.7768,151.9305,-26.2821
crop_AJA_PAN_UEL__event_c0a4515612d247faba1b9da3b5e3cf4f__t0_36131,17,0.68,0,AJA_PAN_UEL.mp4,c0a4515612d247faba1b9da3b5e3cf4f,3,Out,0,out,right,right,,167.4597,120.8031,151.762,117.5819,,167.3613,,,10.4578,7.1975,19.2016,19.2016,1.9683,0.8277,-102.4639,-142.8955,151.9305,-26.2821
crop_AJA_PAN_UEL__event_c0a4515612d247faba1b9da3b5e3cf4f__t0_36131,18,0.72,0,AJA_PAN_UEL.mp4,c0a4515612d247faba1b9da3b5e3cf4f,3,Out,0,out,right,right,125.6617,157.9691,137.836,147.8354,108.0046,,160.0755,-288.1363,-2374.0166,7.9343,10.5553,21.0816,21.0816,6.3471,0.8159,-547.9331,-193.9765,151.9305,-26.2821
crop_AJA_PAN_UEL__event_c0a4515612d247faba1b9da3b5e3cf4f__t0_36131,19,0.76,1,AJA_PAN_UEL.mp4,c0a4515612d247faba1b9da3b5e3cf4f,3,Out,0,out,right,right,115.7448,172.5845,105.285,123.9149,73.7473,4.8772,149.676,-247.9225,1005.3456,5.4533,14.6213,24.5005,24.5005,2.0383,0.8316,-856.4341,-813.7764,151.9305,-26.2821
crop_AJA_PAN_UEL__event_f26a1491a6d14160a51ddb39e4bf7571__t0_35140,0,0.0,0,AJA_PAN_UEL.mp4,f26a1491a6d14160a51ddb39e4bf7571,3,6,1,saved,left,left,,163.6516,,,165.6164,164.7648,,,,0.3037,2.8368,15.2667,15.2667,5.7423,0.8935,-29.1878,,72.1531,2.4315
crop_AJA_PAN_UEL__event_f26a1491a6d14160a51ddb39e4bf7571__t0_35140,1,0.04,0,AJA_PAN_UEL.mp4,f26a1491a6d14160a51ddb39e4bf7571,3,6,1,saved,left,left,173.9128,165.4594,,176.6377,164.4489,,,-85.2547,-1823.2012,0.3037,2.8368,14.3079,14.3079,5.2503,0.8738,-15.5243,,72.1531,2.4315
crop_AJA_PAN_UEL__event_f26a1491a6d14160a51ddb39e4bf7571__t0_35140,2,0.08,0,AJA_PAN_UEL.mp4,f26a1491a6d14160a51ddb39e4bf7571,3,6,1,saved,left,left,167.0925,164.9884,175.1991,166.3968,164.3745,90.8589,175.185,-231.1108,-1955.3065,0.3507,3.2175,13.3423,13.3422,3.7548,0.867,-101.9548,7.3143,72.1531,2.4315
crop_AJA_PAN_UEL__event_f26a1491a6d14160a51ddb39e4bf7571__t0_35140,3,0.12,0,AJA_PAN_UEL.mp4,f26a1491a6d14160a51ddb39e4bf7571,3,6,1,saved,left,left,155.424,162.2117,175.7842,150.9119,156.2925,108.4333,166.7158,-241.6792,3355.4149,1.5561,3.3426,14.8548,14.8548,2.8015,0.8621,-172.7205,17.4221,72.1531,2.4315
crop_AJA_PAN_UEL__event_f26a1491a6d14160a51ddb39e4bf7571__t0_35140,4,0.16,0,AJA_PAN_UEL.mp4,f26a1491a6d14160a51ddb39e4bf7571,3,6,1,saved,left,left,147.7581,158.0286,,139.3102,150.5569,106.4074,147.5461,37.3224,5323.2551,1.1699,0.5041,16.1443,16.1443,5.2721,0.8587,-84.9417,,72.1531,2.4315
crop_AJA_PAN_UEL__event_f26a1491a6d14160a51ddb39e4bf7571__t0_35140,5,0.2,0,AJA_PAN_UEL.mp4,f26a1491a6d14160a51ddb39e4bf7571,3,6,1,saved,left,left,158.4098,160.3009,177.4015,134.7503,149.4972,97.5326,139.4016,184.1812,680.4013,2.2533,0.4629,15.9725,15.9725,3.7741,0.8647,-27.9787,-19.5782,72.1531,2.4315
crop_AJA_PAN_UEL__event_f26a1491a6d14160a51ddb39e4bf7571__t0_35140,6,0.24,0,AJA_PAN_UEL.mp4,f26a1491a6d14160a51ddb39e4bf7571,3,6,1,saved,left,left,162.4926,166.1409,175.0266,138.5439,148.3186,91.2732,111.5116,91.7545,-1164.3791,0.9858,2.0151,16.7487,16.7487,4.2932,0.8631,-49.8533,-128.3957,72.1531,2.4315
crop_AJA_PAN_UEL__event_f26a1491a6d14160a51ddb39e4bf7571__t0_35140,7,0.28,0,AJA_PAN_UEL.mp4,f26a1491a6d14160a51ddb39e4bf7571,3,6,1,saved,left,left,165.7501,174.9028,167.1298,,145.5089,93.028,109.0201,91.0309,88.8133,1.9259,5.3409,17.4288,17.4288,0.2874,0.8675,-10.1175,-168.858,72.1531,2.4315
crop_AJA_PAN_UEL__event_f26a1491a6d14160a51ddb39e4bf7571__t0_35140,8,0.32,0,AJA_PAN_UEL.mp4,f26a1491a6d14160a51ddb39e4bf7571,3,6,1,saved,left,left,169.7751,177.2184,161.518,,147.5092,100.0739,134.8294,98.8596,-250.7234,0.3169,0.544,16.6239,16.6239,0.445,0.8654,141.8373,-99.2496,72.1531,2.4315
crop_AJA_PAN_UEL__event_f26a1491a6d14160a51ddb39e4bf7571__t0_35140,9,0.36,0,AJA_PAN_UEL.mp4,f26a1491a6d14160a51ddb39e4bf7571,3,6,1,saved,left,left,173.6589,,159.1899,170.3197,156.8559,99.6302,167.4634,70.973,-2348.218,2.1806,1.337,14.8822,14.8822,0.9923,0.8483,185.5965,64.168,72.1531,2.4315
crop_AJA_PAN_UEL__event_f26a1491a6d14160a51ddb39e4bf7571__t0_35140,10,0.4,0,AJA_PAN_UEL.mp4,f26a1491a6d14160a51ddb39e4bf7571,3,6,1,saved,left,left,175.4529,171.1274,166.6514,160.3954,162.3569,97.0269,,-88.9978,-1314.7902,0.9926,0.4802,14.3705,14.3705,1.4365,0.8241,214.3063,125.8116,72.1531,2.4315
crop_AJA_PAN_UEL__event_f26a1491a6d14160a51ddb39e4bf7571__t0_35140,11,0.44,0,AJA_PAN_UEL.mp4,f26a1491a6d14160a51ddb39e4bf7571,3,6,1,saved,left,left,166.5391,172.3882,169.2548,163.235,174.0004,93.3513,167.1426,-34.2102,1694.1547,2.3757,1.9609,12.8677,12.8678,2.1081,0.8165,164.716,25.6934,72.1531,2.4315
crop_AJA_PAN_UEL__event_f26a1491a6d14160a51ddb39e4bf7571__t0_35140,12,0.48,0,AJA_PAN_UEL.mp4,f26a1491a6d14160a51ddb39e4bf7571,3,6,1,saved,left,left,172.7161,159.9,,161.4791,175.5341,86.3394,164.7607,46.5345,900.2686,1.7019,0.8828,12.0019,12.0019,2.4304,0.8007,6.6579,,72.1531,2.4315
crop_AJA_PAN_UEL__event_f26a1491a6d14160a51ddb39e4bf7571__t0_35140,13,0.52,0,AJA_PAN_UEL.mp4,f26a1491a6d14160a51ddb39e4bf7571,3,6,1,saved,left,left,170.2618,147.4013,168.159,151.4371,,101.548,145.0673,37.8113,-7536.431,1.948,0.7542,10.5812,10.5812,5.8417,0.8002,,-388.6502,72.1531,2.4315
crop_AJA_PAN_UEL__event_f26a1491a6d14160a51ddb39e4bf7571__t0_35140,14,0.56,0,AJA_PAN_UEL.mp4,f26a1491a6d14160a51ddb39e4bf7571,3,6,1,saved,left,left,175.741,143.9464,,161.8235,173.532,122.3494,142.7717,-556.3799,-4499.8202,3.6333,4.2156,9.6978,9.6978,4.4754,0.7985,-96.0658,,72.1531,2.4315
crop_AJA_PAN_UEL__event_f26a1491a6d14160a51ddb39e4bf7571__t0_35140,15,0.6,0,AJA_PAN_UEL.mp4,f26a1491a6d14160a51ddb39e4bf7571,3,6,1,saved,left,left,,144.8605,107.0708,147.8365,166.8478,,146.7854,,,6.9535,7.6734,8.1518,8.1519,10.0427,0.8046,-288.3934,-380.8849,72.1531,2.4315
crop_AJA_PAN_UEL__event_f26a1491a6d14160a51ddb39e4bf7571__t0_35140,16,0.64,0,AJA_PAN_UEL.mp4,f26a1491a6d14160a51ddb39e4bf7571,3,6,1,saved,left,left,75.7619,141.5783,107.1441,149.9733,150.4605,159.9173,152.0219,-87.9687,6974.8116,2.2922,8.4606,6.1225,6.1226,16.6239,0.8156,-321.11,315.4902,72.1531,2.4315
crop_AJA_PAN_UEL__event_f26a1491a6d14160a51ddb39e4bf7571__t0_35140,17,0.68,0,AJA_PAN_UEL.mp4,f26a1491a6d14160a51ddb39e4bf7571,3,6,1,saved,left,left,,126.056,132.31,149.0129,141.159,165.0536,153.1846,,,4.3756,5.258,2.7561,2.7561,18.6074,0.8282,-131.9416,858.7794,72.1531,2.4315
crop_AJA_PAN_UEL__event_f26a1491a6d14160a51ddb39e4bf7571__t0_35140,18,0.72,0,AJA_PAN_UEL.mp4,f26a1491a6d14160a51ddb39e4bf7571,3,6,1,saved,left,left,161.666,147.3097,175.8464,164.3388,139.9052,168.8649,161.5926,559.5899,-2380.4107,4.7446,4.2276,2.5648,-2.5648,13.3137,0.8274,332.5348,218.5085,72.1531,2.4315
crop_AJA_PAN_UEL__event_f26a1491a6d14160a51ddb39e4bf7571__t0_35140,19,0.76,1,AJA_PAN_UEL.mp4,f26a1491a6d14160a51ddb39e4bf7571,3,6,1,saved,left,left,163.4811,155.818,149.7907,,167.7618,154.0743,149.7033,45.3777,-12855.3045,5.9195,2.8245,5.9925,-5.9925,15.2723,0.8266,696.4153,-651.3943,72.1531,2.4315
crop_ATl_LAz_COI__event_3fd6b212f87a4c88b04a95edc1c1948c__t0_6664,0,0.0,0,ATl_LAz_COI.mp4,3fd6b212f87a4c88b04a95edc1c1948c,0,6,1,saved,left,left,172.1037,,126.9498,,173.3296,,,-149.6307,-2340.6696,0.7844,4.6097,28.6131,-28.6131,4.4935,0.6393,89.2265,256.9265,-219.0142,64.0959
crop_ATl_LAz_COI__event_3fd6b212f87a4c88b04a95edc1c1948c__t0_6664,1,0.04,0,ATl_LAz_COI.mp4,3fd6b212f87a4c88b04a95edc1c1948c,0,6,1,saved,left,left,166.1185,,137.2269,,176.8986,,,-243.2575,-3143.3129,0.7844,4.6097,28.4444,-28.4444,12.232,0.6409,33.2691,267.3072,-219.0142,64.0959
crop_ATl_LAz_COI__event_3fd6b212f87a4c88b04a95edc1c1948c__t0_6664,2,0.08,0,ATl_LAz_COI.mp4,3fd6b212f87a4c88b04a95edc1c1948c,0,6,1,saved,left,left,152.6431,,148.3344,,175.9911,,,-401.0958,-2242.4543,1.9898,4.9288,28.1592,-28.1592,9.3091,0.6383,-120.8567,73.1487,-219.0142,64.0959
crop_ATl_LAz_COI__event_3fd6b212f87a4c88b04a95edc1c1948c__t0_6664,3,0.12,0,ATl_LAz_COI.mp4,3fd6b212f87a4c88b04a95edc1c1948c,0,6,1,saved,left,left,134.0308,,143.0788,,167.2301,,,-422.6539,1021.1837,2.8788,2.584,25.905,-25.905,9.9771,0.6398,-316.5628,-414.3245,-219.0142,64.0959
crop_ATl_LAz_COI__event_3fd6b212f87a4c88b04a95edc1c1948c__t0_6664,4,0.16,0,ATl_LAz_COI.mp4,3fd6b212f87a4c88b04a95edc1c1948c,0,6,1,saved,left,left,118.8308,,115.1885,,150.6661,,,-319.4011,4891.4444,5.6656,0.9727,26.4113,-26.4113,3.9403,0.6436,-359.5085,-123.2174,-219.0142,64.0959
crop_ATl_LAz_COI__event_3fd6b212f87a4c88b04a95edc1c1948c__t0_6664,5,0.2,0,ATl_LAz_COI.mp4,3fd6b212f87a4c88b04a95edc1c1948c,0,6,1,saved,left,left,108.4788,,133.2214,,138.4694,,,-31.3383,4930.3579,2.083,0.8255,25.9463,-25.9463,0.6741,0.6577,-213.2759,-114.4138,-219.0142,64.0959
crop_ATl_LAz_COI__event_3fd6b212f87a4c88b04a95edc1c1948c__t0_6664,6,0.24,0,ATl_LAz_COI.mp4,3fd6b212f87a4c88b04a95edc1c1948c,0,6,1,saved,left,left,116.3238,159.2002,106.0353,112.1264,133.604,,,75.0276,2449.5947,5.2629,1.7426,22.5375,-22.5375,1.3743,0.6747,-140.4302,-418.4811,-219.0142,64.0959
crop_ATl_LAz_COI__event_3fd6b212f87a4c88b04a95edc1c1948c__t0_6664,7,0.28,0,ATl_LAz_COI.mp4,3fd6b212f87a4c88b04a95edc1c1948c,0,6,1,saved,left,left,114.481,164.0713,99.7429,131.368,127.235,149.3742,,164.6293,3328.1648,3.1427,1.846,20.6753,-20.6753,3.9686,0.6915,5.5,43.9123,-219.0142,64.0959
crop_ATl_LAz_COI__event_3fd6b212f87a4c88b04a95edc1c1948c__t0_6664,8,0.32,0,ATl_LAz_COI.mp4,3fd6b212f87a4c88b04a95edc1c1948c,0,6,1,saved,left,left,129.4941,161.3306,109.5483,153.4887,134.044,159.7275,,341.2807,1603.061,0.6377,3.3816,20.3699,-20.3699,4.9397,0.7011,270.3563,217.5947,-219.0142,64.0959
crop_ATl_LAz_COI__event_3fd6b212f87a4c88b04a95edc1c1948c__t0_6664,9,0.36,0,ATl_LAz_COI.mp4,3fd6b212f87a4c88b04a95edc1c1948c,0,6,1,saved,left,left,141.7834,149.4954,117.1505,144.1519,148.8635,158.8747,,292.8741,-1700.1987,2.2623,1.6831,19.8321,-19.8321,6.9151,0.7053,265.0581,204.9643,-219.0142,64.0959
crop_ATl_LAz_COI__event_3fd6b212f87a4c88b04a95edc1c1948c__t0_6664,10,0.4,0,ATl_LAz_COI.mp4,3fd6b212f87a4c88b04a95edc1c1948c,0,6,1,saved,left,left,152.924,137.9501,125.9455,137.2669,155.2487,138.0232,,205.2649,-2978.0507,3.0132,1.8369,19.3423,-19.3423,2.2566,0.7061,259.5613,-100.7324,-219.0142,64.0959
crop_ATl_LAz_COI__event_3fd6b212f87a4c88b04a95edc1c1948c__t0_6664,11,0.44,0,ATl_LAz_COI.mp4,3fd6b212f87a4c88b04a95edc1c1948c,0,6,1,saved,left,left,158.2046,133.8067,109.0919,107.7336,169.6284,132.5489,,54.6301,-1523.8023,3.1261,2.4316,16.4001,-16.4001,3.9643,0.7022,259.8654,-334.1559,-219.0142,64.0959
crop_ATl_LAz_COI__event_3fd6b212f87a4c88b04a95edc1c1948c__t0_6664,12,0.48,0,ATl_LAz_COI.mp4,3fd6b212f87a4c88b04a95edc1c1948c,0,6,1,saved,left,left,157.2944,147.5148,99.213,120.7121,176.0379,171.0763,,83.3607,-3115.6993,0.6139,0.5718,12.8901,-12.8901,5.5901,0.7035,-72.0449,276.9772,-219.0142,64.0959
crop_ATl_LAz_COI__event_3fd6b212f87a4c88b04a95edc1c1948c__t0_6664,13,0.52,0,ATl_LAz_COI.mp4,3fd6b212f87a4c88b04a95edc1c1948c,0,6,1,saved,left,left,164.8735,160.0229,131.2501,158.586,163.8648,,,-194.6259,-11656.8792,6.1172,1.9078,8.3206,-8.3206,9.7228,0.7079,-174.6187,504.871,-219.0142,64.0959
crop_ATl_LAz_COI__event_3fd6b212f87a4c88b04a95edc1c1948c__t0_6664,14,0.56,0,ATl_LAz_COI.mp4,3fd6b212f87a4c88b04a95edc1c1948c,0,6,1,saved,left,left,141.7244,167.6779,139.6027,170.0598,162.0684,78.133,,-849.1897,502.6674,4.0297,4.2947,4.0678,-4.0679,0.747,0.6647,-9.2844,-113.36,-219.0142,64.0959
crop_ATl_LAz_COI__event_3fd6b212f87a4c88b04a95edc1c1948c__t0_6664,15,0.6,0,ATl_LAz_COI.mp4,3fd6b212f87a4c88b04a95edc1c1948c,0,6,1,saved,left,left,96.9383,167.5311,122.1813,157.7301,163.1221,,33.1806,-154.4125,22494.6928,6.8001,7.7604,1.989,1.989,14.7156,0.6781,-64.4508,396.7505,-219.0142,64.0959
crop_ATl_LAz_COI__event_3fd6b212f87a4c88b04a95edc1c1948c__t0_6664,16,0.64,0,ATl_LAz_COI.mp4,3fd6b212f87a4c88b04a95edc1c1948c,0,6,1,saved,left,left,129.3714,146.2237,171.3427,171.6613,,172.4019,50.2268,950.3858,8295.3095,22.5826,9.0327,6.6313,6.6313,28.8298,0.6697,,697.7182,-219.0142,64.0959
crop_ATl_LAz_COI__event_3fd6b212f87a4c88b04a95edc1c1948c__t0_6664,17,0.68,0,ATl_LAz_COI.mp4,3fd6b212f87a4c88b04a95edc1c1948c,0,6,1,saved,left,left,172.9691,157.4757,177.9987,159.6429,150.7026,,57.0279,509.2123,-14184.8958,1.5021,4.8978,6.0954,6.0954,36.4621,0.6536,-177.2564,-371.2175,-219.0142,64.0959
crop_ATl_LAz_COI__event_3fd6b212f87a4c88b04a95edc1c1948c__t0_6664,18,0.72,0,ATl_LAz_COI.mp4,3fd6b212f87a4c88b04a95edc1c1948c,0,6,1,saved,left,left,170.1084,160.1917,141.6453,134.328,142.7318,,52.7563,-184.4059,-10081.3031,0.7134,7.8028,4.3278,4.3278,44.1608,0.647,-482.8947,-388.7186,-219.0142,64.0959
crop_ATl_LAz_COI__event_3fd6b212f87a4c88b04a95edc1c1948c__t0_6664,19,0.76,1,ATl_LAz_COI.mp4,3fd6b212f87a4c88b04a95edc1c1948c,0,6,1,saved,left,left,158.2167,147.558,146.9012,137.0589,112.071,,20.2549,-297.2919,-2822.1512,4.9857,9.8482,0.6062,0.6063,24.9884,0.6434,-766.5203,131.3984,-219.0142,64.0959
crop_COV_MUn_FAC__event_5db69e5271d34acda032131f5d10c9c1__t0_16982,0,0.0,0,COV_MUn_FAC.mp4,5db69e5271d34acda032131f5d10c9c1,3,6,0,goal,left,left,174.782,140.4633,169.9842,139.3847,171.7836,,,-85.07,-174.8943,0.1278,4.5992,2.1593,2.1594,3.1467,0.7191,-24.7173,-49.2054,160.5877,19.7089
crop_COV_MUn_FAC__event_5db69e5271d34acda032131f5d10c9c1__t0_16982,1,0.04,0,COV_MUn_FAC.mp4,5db69e5271d34acda032131f5d10c9c1,3,6,0,goal,left,left,171.3792,147.5073,168.0159,144.5787,170.7949,,,-92.0658,-1371.8843,0.1278,4.5992,4.8071,4.807,6.4994,0.7233,-29.2469,-17.2644,160.5877,19.7089
crop_COV_MUn_FAC__event_5db69e5271d34acda032131f5d10c9c1__t0_16982,2,0.08,0,COV_MUn_FAC.mp4,5db69e5271d34acda032131f5d10c9c1,3,6,0,goal,left,left,167.4167,144.2805,168.603,132.5023,169.4438,,,-194.8208,-1317.6012,0.9543,5.7163,5.9821,5.9821,0.5071,0.7261,-134.0334,-80.5771,160.5877,19.7089
crop_COV_MUn_FAC__event_5db69e5271d34acda032131f5d10c9c1__t0_16982,3,0.12,0,COV_MUn_FAC.mp4,5db69e5271d34acda032131f5d10c9c1,3,6,0,goal,left,left,155.7935,147.727,161.5698,133.2363,160.0722,,,-197.4739,2660.0051,2.3326,2.8974,8.8874,8.8874,0.5795,0.7385,-207.4839,-6.0995,160.5877,19.7089
crop_COV_MUn_FAC__event_5db69e5271d34acda032131f5d10c9c1__t0_16982,4,0.16,0,COV_MUn_FAC.mp4,5db69e5271d34acda032131f5d10c9c1,3,6,0,goal,left,left,151.6188,143.9569,168.1151,126.7089,152.8451,,163.4852,17.9796,5259.0346,1.2634,1.0025,10.2882,10.2882,0.3887,0.7517,-116.7801,180.5061,160.5877,19.7089
crop_COV_MUn_FAC__event_5db69e5271d34acda032131f5d10c9c1__t0_16982,5,0.2,0,COV_MUn_FAC.mp4,5db69e5271d34acda032131f5d10c9c1,3,6,0,goal,left,left,157.2319,150.7217,176.0103,137.317,150.7298,,149.5021,223.2489,1700.3107,0.7904,1.7938,10.896,10.896,5.3876,0.7616,-74.8995,-202.8131,160.5877,19.7089
crop_COV_MUn_FAC__event_5db69e5271d34acda032131f5d10c9c1__t0_16982,6,0.24,0,COV_MUn_FAC.mp4,5db69e5271d34acda032131f5d10c9c1,3,6,0,goal,left,left,169.4787,162.0926,151.89,132.4445,146.8532,,,154.0045,-1530.7641,4.9559,0.4657,12.7847,12.7847,3.786,0.7721,-31.5264,-220.9047,160.5877,19.7089
crop_COV_MUn_FAC__event_5db69e5271d34acda032131f5d10c9c1__t0_16982,7,0.28,0,COV_MUn_FAC.mp4,5db69e5271d34acda032131f5d10c9c1,3,6,0,goal,left,left,169.5523,166.8611,158.3379,155.7098,148.2077,,47.1321,100.7877,-670.8678,2.3545,1.6957,11.9078,11.9078,3.561,0.7744,94.2972,-98.3198,160.5877,19.7089
crop_COV_MUn_FAC__event_5db69e5271d34acda032131f5d10c9c1__t0_16982,8,0.32,0,COV_MUn_FAC.mp4,5db69e5271d34acda032131f5d10c9c1,3,6,0,goal,left,left,177.5418,174.2835,144.0244,166.4437,154.3969,161.2608,46.8197,100.3351,-453.4229,0.8136,2.9309,10.1317,10.1317,5.3042,0.78,151.2768,59.2844,160.5877,19.7089
crop_COV_MUn_FAC__event_5db69e5271d34acda032131f5d10c9c1__t0_16982,9,0.36,0,COV_MUn_FAC.mp4,5db69e5271d34acda032131f5d10c9c1,3,6,0,goal,left,left,,171.4222,163.0806,165.9717,160.3098,162.9914,47.4153,,,1.0495,1.329,9.7191,9.7191,4.8726,0.7827,158.8791,259.9884,160.5877,19.7089
crop_COV_MUn_FAC__event_5db69e5271d34acda032131f5d10c9c1__t0_16982,10,0.4,0,COV_MUn_FAC.mp4,5db69e5271d34acda032131f5d10c9c1,3,6,0,goal,left,left,,170.0598,164.8235,160.2935,167.1073,167.8313,44.0681,,,0.6525,1.6526,8.3351,8.3351,6.241,0.7806,153.6062,86.6032,160.5877,19.7089
crop_COV_MUn_FAC__event_5db69e5271d34acda032131f5d10c9c1__t0_16982,11,0.44,0,COV_MUn_FAC.mp4,5db69e5271d34acda032131f5d10c9c1,3,6,0,goal,left,left,177.6537,174.3342,170.0089,168.5338,172.5983,162.1596,80.3411,-7.1284,-346.934,2.5366,1.6025,9.1934,9.1934,4.8577,0.7835,78.4471,72.5893,160.5877,19.7089
crop_COV_MUn_FAC__event_5db69e5271d34acda032131f5d10c9c1__t0_16982,12,0.48,0,COV_MUn_FAC.mp4,5db69e5271d34acda032131f5d10c9c1,3,6,0,goal,left,left,177.0461,,,177.3142,,144.206,131.5787,0.938,-188.1305,2.2786,1.3241,9.6912,9.6912,4.8002,0.7835,,,160.5877,19.7089
crop_COV_MUn_FAC__event_5db69e5271d34acda032131f5d10c9c1__t0_16982,13,0.52,0,COV_MUn_FAC.mp4,5db69e5271d34acda032131f5d10c9c1,3,6,0,goal,left,left,177.7288,169.4078,,170.7189,174.1677,156.2491,156.1549,-22.1788,-500.7839,2.096,1.9698,9.3162,9.3162,7.0178,0.79,-113.1974,,160.5877,19.7089
crop_COV_MUn_FAC__event_5db69e5271d34acda032131f5d10c9c1__t0_16982,14,0.56,0,COV_MUn_FAC.mp4,5db69e5271d34acda032131f5d10c9c1,3,6,0,goal,left,left,175.2718,164.2716,,141.6967,164.3272,155.9061,,-39.1247,-6370.5587,3.3172,4.564,9.7456,9.7456,7.8175,0.7998,-242.5577,,160.5877,19.7089
crop_COV_MUn_FAC__event_5db69e5271d34acda032131f5d10c9c1__t0_16982,15,0.6,0,COV_MUn_FAC.mp4,5db69e5271d34acda032131f5d10c9c1,3,6,0,goal,left,left,174.5988,158.0853,172.4958,133.7352,154.7631,160.0689,63.1955,-531.8235,-6419.7898,5.2974,6.3139,9.8007,9.8007,10.5915,0.8024,-256.8148,61.8857,160.5877,19.7089
crop_COV_MUn_FAC__event_5db69e5271d34acda032131f5d10c9c1__t0_16982,16,0.64,0,COV_MUn_FAC.mp4,5db69e5271d34acda032131f5d10c9c1,3,6,0,goal,left,left,132.7259,145.9112,176.825,173.0966,143.7821,155.1311,,-552.7079,9582.9821,5.3795,5.5808,7.7805,7.7805,16.7547,0.8055,-193.5972,11.4796,160.5877,19.7089
crop_COV_MUn_FAC__event_5db69e5271d34acda032131f5d10c9c1__t0_16982,17,0.68,0,COV_MUn_FAC.mp4,5db69e5271d34acda032131f5d10c9c1,3,6,0,goal,left,left,130.3822,143.1964,173.4142,162.7845,139.2753,159.1118,156.4108,234.815,9514.5822,1.7939,3.7282,7.4604,7.4604,11.4531,0.809,-3.6243,-52.3785,160.5877,19.7089
crop_COV_MUn_FAC__event_5db69e5271d34acda032131f5d10c9c1__t0_16982,18,0.72,0,COV_MUn_FAC.mp4,5db69e5271d34acda032131f5d10c9c1,3,6,0,goal,left,left,151.5111,151.3712,172.6347,126.8531,143.4921,158.4295,157.8319,208.4587,-4326.5271,3.645,0.9146,6.2096,6.2095,6.2,0.7986,396.6055,3.1731,160.5877,19.7089
crop_COV_MUn_FAC__event_5db69e5271d34acda032131f5d10c9c1__t0_16982,19,0.76,1,COV_MUn_FAC.mp4,5db69e5271d34acda032131f5d10c9c1,3,6,0,goal,left,left,147.0589,151.8869,173.6681,115.65,171.0038,157.4911,160.3608,-111.3071,-7994.1463,10.9268,4.98,8.717,8.717,2.8048,0.7953,687.7914,25.8343,160.5877,19.7089
crop_DUN_FAL_SCU__event_7ad125c43acc450b8639761bbfb2f3ba__t0_5329,0,0.0,0,DUN_FAL_SCU.mp4,7ad125c43acc450b8639761bbfb2f3ba,0,5,1,goal,right,right,166.0734,164.6945,151.3466,153.4226,176.5497,,170.673,-70.232,-1946.5303,0.0239,0.9258,19.8415,19.8415,0.6312,0.8275,27.2667,124.1402,266.9462,8.8161
crop_DUN_FAL_SCU__event_7ad125c43acc450b8639761bbfb2f3ba__t0_5329,1,0.04,0,DUN_FAL_SCU.mp4,7ad125c43acc450b8639761bbfb2f3ba,0,5,1,goal,right,right,163.2641,164.2136,156.3123,154.2243,177.6404,,171.7938,-148.0932,-149.6124,0.0239,0.9258,18.9674,18.9674,0.6994,0.8268,-26.5642,-154.5837,266.9462,8.8161
crop_DUN_FAL_SCU__event_7ad125c43acc450b8639761bbfb2f3ba__t0_5329,2,0.08,0,DUN_FAL_SCU.mp4,7ad125c43acc450b8639761bbfb2f3ba,0,5,1,goal,right,right,154.2259,155.4087,138.9799,150.2991,174.4246,,175.8329,-82.201,1873.2429,2.7653,1.7634,18.3042,18.3042,0.0198,0.8236,-83.695,-59.9646,266.9462,8.8161
crop_DUN_FAL_SCU__event_7ad125c43acc450b8639761bbfb2f3ba__t0_5329,3,0.12,0,DUN_FAL_SCU.mp4,7ad125c43acc450b8639761bbfb2f3ba,0,5,1,goal,right,right,156.688,156.34,151.5151,158.5643,170.9448,,,1.7662,114.2645,2.4876,2.2118,16.3138,16.3138,0.6969,0.8226,-95.2745,29.32,266.9462,8.8161
crop_DUN_FAL_SCU__event_7ad125c43acc450b8639761bbfb2f3ba__t0_5329,4,0.16,0,DUN_FAL_SCU.mp4,7ad125c43acc450b8639761bbfb2f3ba,0,5,1,goal,right,right,154.3672,159.0064,141.3255,151.564,166.8026,,172.2521,-73.0598,-650.4464,4.6772,5.3726,12.7315,12.7315,3.4359,0.8235,-143.0666,-164.4024,266.9462,8.8161
crop_DUN_FAL_SCU__event_7ad125c43acc450b8639761bbfb2f3ba__t0_5329,5,0.2,0,DUN_FAL_SCU.mp4,7ad125c43acc450b8639761bbfb2f3ba,0,5,1,goal,right,right,150.8432,163.9105,138.3629,154.6031,159.4995,,165.8144,-50.2695,215.8976,1.7886,1.7797,13.1717,13.1716,2.7137,0.8207,-145.8471,-115.9166,266.9462,8.8161
crop_DUN_FAL_SCU__event_7ad125c43acc450b8639761bbfb2f3ba__t0_5329,6,0.24,0,DUN_FAL_SCU.mp4,7ad125c43acc450b8639761bbfb2f3ba,0,5,1,goal,right,right,150.3456,171.2302,132.0522,163.0605,155.1349,,165.4967,-55.788,309.2051,3.6744,3.5513,10.6452,10.6452,2.2129,0.818,-104.7939,-26.1333,266.9462,8.8161
crop_DUN_FAL_SCU__event_7ad125c43acc450b8639761bbfb2f3ba__t0_5329,7,0.28,0,DUN_FAL_SCU.mp4,7ad125c43acc450b8639761bbfb2f3ba,0,5,1,goal,right,right,146.3802,176.3327,136.2722,161.9477,151.116,,166.3704,-25.5331,998.9929,2.0847,3.4538,7.6732,7.6732,4.8968,0.8104,-4.7533,136.94,266.9462,8.8161
crop_DUN_FAL_SCU__event_7ad125c43acc450b8639761bbfb2f3ba__t0_5329,8,0.32,0,DUN_FAL_SCU.mp4,7ad125c43acc450b8639761bbfb2f3ba,0,5,1,goal,right,right,148.303,170.5351,143.0074,167.3336,154.7546,,110.0279,24.1314,623.0187,0.5135,3.5894,6.3271,6.3271,0.9436,0.7987,99.0538,48.1524,266.9462,8.8161
crop_DUN_FAL_SCU__event_7ad125c43acc450b8639761bbfb2f3ba__t0_5329,9,0.36,0,DUN_FAL_SCU.mp4,7ad125c43acc450b8639761bbfb2f3ba,0,5,1,goal,right,right,148.3107,160.9427,140.1244,166.3164,159.0403,,87.3138,24.3084,340.8742,0.9418,0.5108,5.7724,5.7725,2.0489,0.7912,99.4976,-101.8337,266.9462,8.8161
crop_DUN_FAL_SCU__event_7ad125c43acc450b8639761bbfb2f3ba__t0_5329,10,0.4,0,DUN_FAL_SCU.mp4,7ad125c43acc450b8639761bbfb2f3ba,0,5,1,goal,right,right,150.2477,156.1067,134.8607,168.5717,162.7144,,,51.4013,109.849,1.7503,2.2104,6.7125,6.7125,3.3755,0.7944,75.0967,-41.7946,266.9462,8.8161
crop_DUN_FAL_SCU__event_7ad125c43acc450b8639761bbfb2f3ba__t0_5329,11,0.44,0,DUN_FAL_SCU.mp4,7ad125c43acc450b8639761bbfb2f3ba,0,5,1,goal,right,right,152.4228,157.9331,136.7809,168.9529,165.048,,174.8906,33.0963,-485.4488,0.7144,0.4295,6.7897,6.7897,3.4251,0.8054,77.0803,73.5266,266.9462,8.8161
crop_DUN_FAL_SCU__event_7ad125c43acc450b8639761bbfb2f3ba__t0_5329,12,0.48,0,DUN_FAL_SCU.mp4,7ad125c43acc450b8639761bbfb2f3ba,0,5,1,goal,right,right,152.8954,158.1146,140.7428,168.4988,168.8808,,171.4023,12.5654,-1539.1922,1.1083,2.6829,5.8473,5.8473,4.3091,0.817,96.5343,189.1142,266.9462,8.8161
crop_DUN_FAL_SCU__event_7ad125c43acc450b8639761bbfb2f3ba__t0_5329,13,0.52,0,DUN_FAL_SCU.mp4,7ad125c43acc450b8639761bbfb2f3ba,0,5,1,goal,right,right,153.428,159.9295,151.91,170.2869,172.7708,174.5032,170.4138,-90.0391,-7341.5482,0.8965,1.7471,4.4695,4.4695,6.7131,0.8305,81.1692,205.051,266.9462,8.8161
crop_DUN_FAL_SCU__event_7ad125c43acc450b8639761bbfb2f3ba__t0_5329,14,0.56,0,DUN_FAL_SCU.mp4,7ad125c43acc450b8639761bbfb2f3ba,0,5,1,goal,right,right,145.6922,171.0964,157.1469,170.188,,173.6112,172.0666,-574.7584,-3230.3882,2.6145,5.5063,0.5117,0.5116,13.0521,0.8458,,-80.3585,266.9462,8.8161
crop_DUN_FAL_SCU__event_7ad125c43acc450b8639761bbfb2f3ba__t0_5329,15,0.6,0,DUN_FAL_SCU.mp4,7ad125c43acc450b8639761bbfb2f3ba,0,5,1,goal,right,right,107.4473,177.086,145.4813,176.7479,177.978,171.4456,,-348.4701,7656.0986,5.3102,7.4169,3.9539,-3.9539,17.7505,0.8544,-102.9719,-589.3133,266.9462,8.8161
crop_DUN_FAL_SCU__event_7ad125c43acc450b8639761bbfb2f3ba__t0_5329,16,0.64,0,DUN_FAL_SCU.mp4,7ad125c43acc450b8639761bbfb2f3ba,0,5,1,goal,right,right,117.8146,,110.0019,,167.1366,176.6427,171.4907,37.7295,9120.5072,8.1351,6.6319,6.8164,-6.8164,19.9712,0.8535,-659.0854,-185.3483,266.9462,8.8161
crop_DUN_FAL_SCU__event_7ad125c43acc450b8639761bbfb2f3ba__t0_5329,17,0.68,0,DUN_FAL_SCU.mp4,7ad125c43acc450b8639761bbfb2f3ba,0,5,1,goal,right,right,110.4657,177.8421,130.6534,122.5364,125.2512,,169.7261,381.1705,9490.2885,1.56,3.6384,7.6322,-7.6322,22.3565,0.8433,-364.7743,-276.2555,266.9462,8.8161
crop_DUN_FAL_SCU__event_7ad125c43acc450b8639761bbfb2f3ba__t0_5329,18,0.72,0,DUN_FAL_SCU.mp4,7ad125c43acc450b8639761bbfb2f3ba,0,5,1,goal,right,right,148.3083,,87.9014,148.883,137.9547,176.6957,,796.9525,3333.3802,0.5494,2.006,7.6457,-7.6456,18.7969,0.8394,332.5131,-395.2034,266.9462,8.8161
crop_DUN_FAL_SCU__event_7ad125c43acc450b8639761bbfb2f3ba__t0_5329,19,0.76,1,DUN_FAL_SCU.mp4,7ad125c43acc450b8639761bbfb2f3ba,0,5,1,goal,right,right,174.2219,164.7186,99.0372,100.5332,151.8522,,171.8202,647.8409,-3727.7913,4.5607,6.8608,8.2349,-8.2349,20.3942,0.8395,347.4388,278.3937,266.9462,8.8161
crop_ENG_COMP__event_1cdf4ffea2d746038ea98836945dea8f__t0_7486,0,0.0,0,ENG_COMP.mp4,1cdf4ffea2d746038ea98836945dea8f,3,7,0,goal,left,left,174.3405,172.7482,,166.9848,152.7079,145.6272,,32.3301,-3559.6645,0.0,1.9161,4.1289,4.1289,8.9775,0.738,-179.0051,,16.2821,51.4926
crop_ENG_COMP__event_1cdf4ffea2d746038ea98836945dea8f__t0_7486,1,0.04,0,ENG_COMP.mp4,1cdf4ffea2d746038ea98836945dea8f,3,7,0,goal,left,left,,170.5606,,162.1967,145.5477,149.9797,,,,0.0,1.9161,4.563,4.5631,8.0547,0.7459,-154.088,,16.2821,51.4926
crop_ENG_COMP__event_1cdf4ffea2d746038ea98836945dea8f__t0_7486,2,0.08,0,ENG_COMP.mp4,1cdf4ffea2d746038ea98836945dea8f,3,7,0,goal,left,left,176.9269,167.2347,,153.5389,140.3809,141.6579,,-252.443,-7827.9752,72.7011,3.1741,5.5979,5.5979,8.7528,0.7578,-109.8101,,16.2821,51.4926
crop_ENG_COMP__event_1cdf4ffea2d746038ea98836945dea8f__t0_7486,3,0.12,0,ENG_COMP.mp4,1cdf4ffea2d746038ea98836945dea8f,3,7,0,goal,left,left,155.4383,167.005,164.823,158.5038,136.7629,137.8451,,-736.2945,-4195.4124,0.2672,4.0924,4.7775,4.7775,9.7094,0.7626,-243.6019,-268.5137,16.2821,51.4926
crop_ENG_COMP__event_1cdf4ffea2d746038ea98836945dea8f__t0_7486,4,0.16,0,ENG_COMP.mp4,1cdf4ffea2d746038ea98836945dea8f,3,7,0,goal,left,left,118.0234,164.78,143.3419,153.6774,120.8928,143.2343,,-588.076,12000.8683,1.026,1.9733,4.1701,4.1701,9.5009,0.7689,-291.3648,-140.5487,16.2821,51.4926
crop_ENG_COMP__event_1cdf4ffea2d746038ea98836945dea8f__t0_7486,5,0.2,0,ENG_COMP.mp4,1cdf4ffea2d746038ea98836945dea8f,3,7,0,goal,left,left,108.3922,165.3236,153.5791,159.0404,113.4538,147.5785,,223.775,13341.9561,0.6073,1.944,3.8391,3.8391,8.7347,0.777,142.114,404.6827,16.2821,51.4926
crop_ENG_COMP__event_1cdf4ffea2d746038ea98836945dea8f__t0_7486,6,0.24,0,ENG_COMP.mp4,1cdf4ffea2d746038ea98836945dea8f,3,7,0,goal,left,left,135.9254,165.6901,175.7165,163.3431,132.2619,152.978,,479.2805,1561.5714,1.2751,2.3114,2.9447,2.9447,8.5607,0.7818,373.0954,276.8064,16.2821,51.4926
crop_ENG_COMP__event_1cdf4ffea2d746038ea98836945dea8f__t0_7486,7,0.28,0,ENG_COMP.mp4,1cdf4ffea2d746038ea98836945dea8f,3,7,0,goal,left,left,146.7346,154.4199,175.7236,159.7468,143.3014,161.8487,,348.7007,-2460.7801,3.9299,4.2379,2.4641,2.4641,7.3803,0.7864,262.9187,-221.6082,16.2821,51.4926
crop_ENG_COMP__event_1cdf4ffea2d746038ea98836945dea8f__t0_7486,8,0.32,0,ENG_COMP.mp4,1cdf4ffea2d746038ea98836945dea8f,3,7,0,goal,left,left,163.8214,166.2482,157.9878,156.5685,153.2954,169.0385,,282.4181,-3622.005,1.1954,1.6227,1.8497,1.8497,2.4471,0.7935,189.752,-307.5066,16.2821,51.4926
crop_ENG_COMP__event_1cdf4ffea2d746038ea98836945dea8f__t0_7486,9,0.36,0,ENG_COMP.mp4,1cdf4ffea2d746038ea98836945dea8f,3,7,0,goal,left,left,169.3281,165.687,151.1231,155.0731,158.4816,170.5228,,58.9403,-2561.3356,1.1964,0.2232,1.1043,1.1044,0.1813,0.798,115.9952,107.793,16.2821,51.4926
crop_ENG_COMP__event_1cdf4ffea2d746038ea98836945dea8f__t0_7486,10,0.4,0,ENG_COMP.mp4,1cdf4ffea2d746038ea98836945dea8f,3,7,0,goal,left,left,168.5366,165.5708,166.6113,155.5262,162.575,166.5594,,77.5112,492.3463,0.3618,0.738,0.8937,0.8937,1.8362,0.8005,139.1933,216.7083,16.2821,51.4926
crop_ENG_COMP__event_1cdf4ffea2d746038ea98836945dea8f__t0_7486,11,0.44,0,ENG_COMP.mp4,1cdf4ffea2d746038ea98836945dea8f,3,7,0,goal,left,left,175.529,173.4141,,164.6959,169.617,158.4399,,98.328,-1300.1728,0.2233,0.4384,0.441,0.4409,3.8637,0.7925,122.1352,,16.2821,51.4926
crop_ENG_COMP__event_1cdf4ffea2d746038ea98836945dea8f__t0_7486,12,0.48,0,ENG_COMP.mp4,1cdf4ffea2d746038ea98836945dea8f,3,7,0,goal,left,left,176.4029,,170.3082,177.4087,172.3458,129.8197,,-26.5026,-1124.5465,1.295,3.2531,1.4144,1.4144,5.0631,0.7802,22.6616,93.4413,16.2821,51.4926
crop_ENG_COMP__event_1cdf4ffea2d746038ea98836945dea8f__t0_7486,13,0.52,0,ENG_COMP.mp4,1cdf4ffea2d746038ea98836945dea8f,3,7,0,goal,left,left,173.4088,168.7843,175.935,169.6338,171.4299,126.6082,,8.3643,-508.3895,0.989,4.5735,4.2561,4.2561,6.3123,0.7678,-17.8267,36.972,16.2821,51.4926
crop_ENG_COMP__event_1cdf4ffea2d746038ea98836945dea8f__t0_7486,14,0.56,0,ENG_COMP.mp4,1cdf4ffea2d746038ea98836945dea8f,3,7,0,goal,left,left,177.072,151.7135,,164.8391,170.9197,123.4879,,-67.1738,-1580.2169,2.2924,4.8232,5.6345,5.6345,5.5797,0.7687,73.8298,,16.2821,51.4926
crop_ENG_COMP__event_1cdf4ffea2d746038ea98836945dea8f__t0_7486,15,0.6,0,ENG_COMP.mp4,1cdf4ffea2d746038ea98836945dea8f,3,7,0,goal,left,left,168.0349,145.5162,170.5968,175.3304,177.3363,159.7764,,-118.0531,1961.7033,3.6258,6.3203,4.1542,4.1542,13.0765,0.751,-74.3404,-395.1477,16.2821,51.4926
crop_ENG_COMP__event_1cdf4ffea2d746038ea98836945dea8f__t0_7486,16,0.64,0,ENG_COMP.mp4,1cdf4ffea2d746038ea98836945dea8f,3,7,0,goal,left,left,167.6278,146.6348,141.6541,176.6667,164.9724,165.1242,,89.7625,930.2187,4.918,5.7676,1.145,1.1451,14.1563,0.7332,-250.7795,-192.7504,16.2821,51.4926
crop_ENG_COMP__event_1cdf4ffea2d746038ea98836945dea8f__t0_7486,17,0.68,0,ENG_COMP.mp4,1cdf4ffea2d746038ea98836945dea8f,3,7,0,goal,left,left,175.2159,150.7191,155.1768,174.6473,157.274,171.9704,175.9715,-43.6356,-11794.8246,2.0502,6.7117,3.3059,-3.3059,26.5523,0.741,-280.4077,121.8529,16.2821,51.4926
crop_ENG_COMP__event_1cdf4ffea2d746038ea98836945dea8f__t0_7486,18,0.72,0,ENG_COMP.mp4,1cdf4ffea2d746038ea98836945dea8f,3,7,0,goal,left,left,164.1369,146.2482,151.4023,165.6252,142.5398,174.9597,176.5184,-853.8235,-17337.9803,0.6571,4.5264,4.4849,-4.4849,26.9053,0.7438,-399.5884,-47.1807,16.2821,51.4926
crop_ENG_COMP__event_1cdf4ffea2d746038ea98836945dea8f__t0_7486,19,0.76,1,ENG_COMP.mp4,1cdf4ffea2d746038ea98836945dea8f,3,7,0,goal,left,left,106.91,165.1811,,171.4292,125.3069,174.753,173.9144,-1430.674,-14421.2627,6.8754,4.8419,10.608,-10.608,20.7258,0.7437,-430.8228,,16.2821,51.4926
crop_ENG_COMP__event_1d5cdbbb977a4ba492ea5b4ad699b65e__t0_17208,0,0.0,0,ENG_COMP.mp4,1d5cdbbb977a4ba492ea5b4ad699b65e,0,9,0,goal,right,right,109.1502,,127.1689,114.1615,154.8569,,154.9178,-130.1466,6422.708,1.5684,3.1531,18.467,18.467,0.573,0.7861,-197.5559,-601.6361,265.372,-70.9761
crop_ENG_COMP__event_1d5cdbbb977a4ba492ea5b4ad699b65e__t0_17208,1,0.04,0,ENG_COMP.mp4,1d5cdbbb977a4ba492ea5b4ad699b65e,0,9,0,goal,right,right,103.9443,171.3918,103.1035,115.0612,146.9547,,147.725,126.7617,6483.2318,1.5684,3.1531,22.103,22.103,1.8569,0.7833,-169.5107,-70.0952,265.372,-70.9761
crop_ENG_COMP__event_1d5cdbbb977a4ba492ea5b4ad699b65e__t0_17208,2,0.08,0,ENG_COMP.mp4,1d5cdbbb977a4ba492ea5b4ad699b65e,0,9,0,goal,right,right,119.2911,173.9842,121.5613,125.8746,141.2961,,142.5077,388.5119,2288.1699,6.346,5.3532,21.9805,21.9805,10.0838,0.7878,-61.2267,452.1348,265.372,-70.9761
crop_ENG_COMP__event_1d5cdbbb977a4ba492ea5b4ad699b65e__t0_17208,3,0.12,0,ENG_COMP.mp4,1d5cdbbb977a4ba492ea5b4ad699b65e,0,9,0,goal,right,right,135.0253,176.1048,139.2743,141.6626,142.0565,,118.7387,309.8153,-1626.0135,4.0246,6.4286,20.9345,20.9345,9.8628,0.7916,47.134,166.383,265.372,-70.9761
crop_ENG_COMP__event_1d5cdbbb977a4ba492ea5b4ad699b65e__t0_17208,4,0.16,0,ENG_COMP.mp4,1d5cdbbb977a4ba492ea5b4ad699b65e,0,9,0,goal,right,right,144.0764,175.5695,134.872,151.2257,145.0668,,138.9711,258.4309,-1285.3611,1.5878,1.8365,18.9859,18.9859,11.02,0.7884,100.3868,-212.838,265.372,-70.9761
crop_ENG_COMP__event_1d5cdbbb977a4ba492ea5b4ad699b65e__t0_17208,5,0.2,0,ENG_COMP.mp4,1d5cdbbb977a4ba492ea5b4ad699b65e,0,9,0,goal,right,right,155.6998,168.1312,122.2472,162.589,150.0875,,151.7577,206.9864,-3300.302,2.9205,3.4989,16.3177,16.3177,5.7028,0.785,165.2304,-326.927,265.372,-70.9761
crop_ENG_COMP__event_1d5cdbbb977a4ba492ea5b4ad699b65e__t0_17208,6,0.24,0,ENG_COMP.mp4,1d5cdbbb977a4ba492ea5b4ad699b65e,0,9,0,goal,right,right,160.6353,160.4995,108.7178,140.8827,158.2852,,140.4495,-5.5933,-3833.9758,0.7752,4.7725,14.4092,14.4092,6.8799,0.7662,68.4734,-222.8202,265.372,-70.9761
crop_ENG_COMP__event_1d5cdbbb977a4ba492ea5b4ad699b65e__t0_17208,7,0.28,0,ENG_COMP.mp4,1d5cdbbb977a4ba492ea5b4ad699b65e,0,9,0,goal,right,right,155.2523,143.5428,104.4216,122.4762,155.5654,,,-99.7316,-634.4986,0.9366,2.0648,15.5312,15.5311,0.7644,0.7471,32.107,-40.0378,265.372,-70.9761
crop_ENG_COMP__event_1d5cdbbb977a4ba492ea5b4ad699b65e__t0_17208,8,0.32,0,ENG_COMP.mp4,1d5cdbbb977a4ba492ea5b4ad699b65e,0,9,0,goal,right,right,152.6568,174.9363,105.5148,141.7475,160.8538,,55.8622,-56.3532,2151.7062,1.6813,2.9501,13.2808,13.2808,3.0787,0.744,92.8257,-45.0106,265.372,-70.9761
crop_ENG_COMP__event_1d5cdbbb977a4ba492ea5b4ad699b65e__t0_17208,9,0.36,0,ENG_COMP.mp4,1d5cdbbb977a4ba492ea5b4ad699b65e,0,9,0,goal,right,right,150.744,142.8545,100.8208,126.5132,162.9914,,,72.4049,2459.5523,1.2614,2.5605,12.6998,12.6998,3.0106,0.7383,153.153,-84.114,265.372,-70.9761
crop_ENG_COMP__event_1d5cdbbb977a4ba492ea5b4ad699b65e__t0_17208,10,0.4,0,ENG_COMP.mp4,1d5cdbbb977a4ba492ea5b4ad699b65e,0,9,0,goal,right,right,158.4491,139.6935,98.7857,167.4124,173.106,,167.2397,140.411,594.4371,2.7141,1.3985,12.3827,12.3827,6.3043,0.7511,186.2034,2.4467,265.372,-70.9761
crop_ENG_COMP__event_1d5cdbbb977a4ba492ea5b4ad699b65e__t0_17208,11,0.44,0,ENG_COMP.mp4,1d5cdbbb977a4ba492ea5b4ad699b65e,0,9,0,goal,right,right,161.9769,149.5796,101.0165,,177.8877,,166.5896,119.9598,-3138.1369,1.4236,1.7541,11.538,11.538,3.3385,0.7536,23.3014,96.3563,265.372,-70.9761
crop_ENG_COMP__event_1d5cdbbb977a4ba492ea5b4ad699b65e__t0_17208,12,0.48,0,ENG_COMP.mp4,1d5cdbbb977a4ba492ea5b4ad699b65e,0,9,0,goal,right,right,168.0459,133.8703,106.4942,136.1776,,172.0269,171.3595,-110.64,-11380.4317,1.179,1.7526,9.9178,9.9178,1.8399,0.7567,,388.3745,265.372,-70.9761
crop_ENG_COMP__event_1d5cdbbb977a4ba492ea5b4ad699b65e__t0_17208,13,0.52,0,ENG_COMP.mp4,1d5cdbbb977a4ba492ea5b4ad699b65e,0,9,0,goal,right,right,153.1257,161.9217,132.0865,116.8887,172.0526,169.1306,,-790.4747,-8773.1218,1.1058,6.3486,4.9713,4.9713,8.8432,0.7748,-127.1281,77.623,265.372,-70.9761
crop_ENG_COMP__event_1d5cdbbb977a4ba492ea5b4ad699b65e__t0_17208,14,0.56,0,ENG_COMP.mp4,1d5cdbbb977a4ba492ea5b4ad699b65e,0,9,0,goal,right,right,104.808,166.712,112.704,147.7271,164.7999,159.6114,166.5851,-812.4897,7291.0064,4.2166,4.5549,6.3952,6.3952,0.0485,0.7759,-50.77,-305.1216,265.372,-70.9761
crop_ENG_COMP__event_1d5cdbbb977a4ba492ea5b4ad699b65e__t0_17208,15,0.6,0,ENG_COMP.mp4,1d5cdbbb977a4ba492ea5b4ad699b65e,0,9,0,goal,right,right,88.1266,175.3742,107.6767,162.8535,167.991,155.2982,169.6661,-207.1942,9383.449,2.8519,3.7951,0.7533,0.7532,16.928,0.7934,-147.928,-234.0279,265.372,-70.9761
crop_ENG_COMP__event_1d5cdbbb977a4ba492ea5b4ad699b65e__t0_17208,16,0.64,0,ENG_COMP.mp4,1d5cdbbb977a4ba492ea5b4ad699b65e,0,9,0,goal,right,right,,168.2953,93.9818,166.3521,152.9656,147.6183,177.515,,,13.1441,2.9605,2.4754,-2.4753,23.2309,0.7946,-376.0256,22.6911,265.372,-70.9761
crop_ENG_COMP__event_1d5cdbbb977a4ba492ea5b4ad699b65e__t0_17208,17,0.68,0,ENG_COMP.mp4,1d5cdbbb977a4ba492ea5b4ad699b65e,0,9,0,goal,right,right,88.3383,172.2299,109.492,144.5533,137.9089,,161.4514,83.5666,7658.4548,5.7172,3.1125,8.8455,-8.8455,19.431,0.7855,-314.5653,241.6739,265.372,-70.9761
crop_ENG_COMP__event_1d5cdbbb977a4ba492ea5b4ad699b65e__t0_17208,18,0.72,0,ENG_COMP.mp4,1d5cdbbb977a4ba492ea5b4ad699b65e,0,9,0,goal,right,right,94.9177,159.9955,113.3157,144.6712,127.8004,97.453,175.3621,550.8626,10670.8986,2.148,6.2128,13.4066,-13.4066,46.9019,0.7674,-100.445,-92.5242,265.372,-70.9761
crop_ENG_COMP__event_1d5cdbbb977a4ba492ea5b4ad699b65e__t0_17208,19,0.76,1,ENG_COMP.mp4,1d5cdbbb977a4ba492ea5b4ad699b65e,0,9,0,goal,right,right,132.4073,158.5851,102.0901,118.5172,129.8733,,,937.2385,9659.3976,4.9071,6.8782,9.3506,-9.3506,21.0298,0.7597,51.8227,-280.6398,265.372,-70.9761
crop_ENG_COMP__event_29e1450413524fd7be45c33d30eb4b07__t0_18437,0,0.0,0,ENG_COMP.mp4,29e1450413524fd7be45c33d30eb4b07,0,8,1,saved,left,left,155.9044,139.0759,105.426,114.6718,,120.4226,,-338.039,5883.4028,15.6648,6.0865,9.4099,-9.4099,16.6512,0.7503,,29.9707,-284.2479,-17.0802
crop_ENG_COMP__event_29e1450413524fd7be45c33d30eb4b07__t0_18437,1,0.04,0,ENG_COMP.mp4,29e1450413524fd7be45c33d30eb4b07,0,8,1,saved,left,left,142.3829,163.8393,106.6248,116.4832,148.302,145.8192,,-102.7029,5365.4766,15.6648,6.0865,12.276,-12.276,3.9864,0.761,126.7481,5.4263,-284.2479,-17.0802
crop_ENG_COMP__event_29e1450413524fd7be45c33d30eb4b07__t0_18437,2,0.08,0,ENG_COMP.mp4,29e1450413524fd7be45c33d30eb4b07,0,8,1,saved,left,left,147.6882,153.9901,105.8601,102.3262,158.4418,166.1821,,91.1991,2424.5167,0.6018,4.1832,14.3493,-14.3494,6.4394,0.7652,173.505,-53.0292,-284.2479,-17.0802
crop_ENG_COMP__event_29e1450413524fd7be45c33d30eb4b07__t0_18437,3,0.12,0,ENG_COMP.mp4,29e1450413524fd7be45c33d30eb4b07,0,8,1,saved,left,left,149.6788,115.2788,102.3825,105.4826,162.1824,148.534,,91.2584,4.4751,1.6572,1.9821,17.7568,-17.7568,4.305,0.7616,140.6473,-35.0239,-284.2479,-17.0802
crop_ENG_COMP__event_29e1450413524fd7be45c33d30eb4b07__t0_18437,4,0.16,0,ENG_COMP.mp4,29e1450413524fd7be45c33d30eb4b07,0,8,1,saved,left,left,154.9889,122.2694,103.0582,105.5144,169.6936,117.6564,,91.5571,-3006.2389,2.0639,0.4595,18.8924,-18.8923,1.3271,0.7473,141.0801,14.7655,-284.2479,-17.0802
crop_ENG_COMP__event_29e1450413524fd7be45c33d30eb4b07__t0_18437,5,0.2,0,ENG_COMP.mp4,29e1450413524fd7be45c33d30eb4b07,0,8,1,saved,left,left,157.0034,130.8963,103.5637,95.7618,173.4688,110.5082,,-149.2407,923.4858,1.4336,2.388,19.3549,-19.3549,2.8412,0.7428,45.7594,43.9926,-284.2479,-17.0802
crop_ENG_COMP__event_29e1450413524fd7be45c33d30eb4b07__t0_18437,6,0.24,0,ENG_COMP.mp4,29e1450413524fd7be45c33d30eb4b07,0,8,1,saved,left,left,143.0496,144.1494,106.5776,114.8843,173.3543,81.8627,,165.436,3784.5111,3.5039,0.8562,18.2777,-18.2777,3.8244,0.7355,39.6158,298.272,-284.2479,-17.0802
crop_ENG_COMP__event_29e1450413524fd7be45c33d30eb4b07__t0_18437,7,0.28,0,ENG_COMP.mp4,29e1450413524fd7be45c33d30eb4b07,0,8,1,saved,left,left,170.2383,157.9759,127.4255,121.1035,176.638,100.4122,,153.5202,-3461.3228,4.93,8.0561,11.8141,-11.8141,1.7635,0.7217,-139.6845,353.7401,-284.2479,-17.0802
crop_ENG_COMP__event_29e1450413524fd7be45c33d30eb4b07__t0_18437,8,0.32,0,ENG_COMP.mp4,29e1450413524fd7be45c33d30eb4b07,0,8,1,saved,left,left,155.3313,144.4717,134.8768,134.2947,162.1796,85.6729,169.38,-111.4698,-2616.7727,5.4087,1.6659,8.607,-8.607,5.6459,0.6922,-171.6419,-307.5441,-284.2479,-17.0802
crop_ENG_COMP__event_29e1450413524fd7be45c33d30eb4b07__t0_18437,9,0.36,0,ENG_COMP.mp4,29e1450413524fd7be45c33d30eb4b07,0,8,1,saved,left,left,161.3207,137.0443,102.822,135.3965,162.9067,,167.2664,-55.8216,2273.3569,2.8784,2.4776,6.0323,-6.0323,0.3774,0.692,-181.6092,-23.1928,-284.2479,-17.0802
crop_ENG_COMP__event_29e1450413524fd7be45c33d30eb4b07__t0_18437,10,0.4,0,ENG_COMP.mp4,29e1450413524fd7be45c33d30eb4b07,0,8,1,saved,left,left,150.8655,152.9132,133.0214,149.1638,147.6508,167.3172,171.733,70.3987,767.7913,21.3881,4.7159,4.3519,-4.3519,7.8148,0.7085,4.9259,221.2275,-284.2479,-17.0802
crop_ENG_COMP__event_29e1450413524fd7be45c33d30eb4b07__t0_18437,11,0.44,0,ENG_COMP.mp4,29e1450413524fd7be45c33d30eb4b07,0,8,1,saved,left,left,166.9526,99.9868,120.5202,176.4845,163.3008,,,5.6017,-2645.0658,23.3339,5.3845,0.0485,-0.0481,16.3518,0.7169,-465.1718,308.946,-284.2479,-17.0802
crop_ENG_COMP__event_29e1450413524fd7be45c33d30eb4b07__t0_18437,12,0.48,0,ENG_COMP.mp4,29e1450413524fd7be45c33d30eb4b07,0,8,1,saved,left,left,151.3137,145.5758,157.7371,166.5896,110.4371,177.132,160.7549,-141.2066,1940.1908,25.4704,0.527,0.9557,0.9555,4.0236,0.6973,-288.74,534.3023,-284.2479,-17.0802
crop_ENG_COMP__event_29e1450413524fd7be45c33d30eb4b07__t0_18437,13,0.52,0,ENG_COMP.mp4,29e1450413524fd7be45c33d30eb4b07,0,8,1,saved,left,left,155.6561,176.3724,,163.3136,,163.3926,170.8265,160.817,4194.1738,24.2015,1.1474,2.2551,2.255,8.0326,0.691,,,-284.2479,-17.0802
crop_ENG_COMP__event_29e1450413524fd7be45c33d30eb4b07__t0_18437,14,0.56,0,ENG_COMP.mp4,29e1450413524fd7be45c33d30eb4b07,0,8,1,saved,left,left,164.179,,,166.8877,169.966,160.1095,163.6718,194.3274,-3557.9467,1.6472,1.6523,1.9186,1.9185,3.7437,0.0,323.8943,,-284.2479,-17.0802
crop_ENG_COMP__event_29e1450413524fd7be45c33d30eb4b07__t0_18437,15,0.6,0,ENG_COMP.mp4,29e1450413524fd7be45c33d30eb4b07,0,8,1,saved,left,left,171.2022,174.4026,174.3189,171.3152,166.1131,157.399,153.8595,-123.8188,-12779.2645,1.6472,1.6523,1.5353,1.5353,1.2669,0.6792,-219.309,33.7091,-284.2479,-17.0802
crop_ENG_COMP__event_29e1450413524fd7be45c33d30eb4b07__t0_18437,16,0.64,0,ENG_COMP.mp4,29e1450413524fd7be45c33d30eb4b07,0,8,1,saved,left,left,154.2735,174.6547,171.4883,166.147,152.4213,160.8504,149.3392,-828.0138,-13433.1805,4.3721,2.9711,4.6208,4.6208,7.3114,0.0,-363.1544,-367.2245,-284.2479,-17.0802
crop_ENG_COMP__event_29e1450413524fd7be45c33d30eb4b07__t0_18437,17,0.68,0,ENG_COMP.mp4,29e1450413524fd7be45c33d30eb4b07,0,8,1,saved,left,left,104.9611,174.8806,144.9409,159.9292,137.0607,162.942,129.8835,-1198.4732,3074.3164,4.3721,2.9711,7.9862,7.9862,51.3755,0.0,-379.9571,-625.6336,-284.2479,-17.0802
crop_ENG_COMP__event_29e1450413524fd7be45c33d30eb4b07__t0_18437,18,0.72,0,ENG_COMP.mp4,29e1450413524fd7be45c33d30eb4b07,0,8,1,saved,left,left,58.3957,175.0776,121.4377,152.4354,122.0247,162.5933,138.3276,-582.0685,7705.0591,4.3721,2.9711,11.6448,11.6448,20.8255,0.6702,-15.963,-208.88,-284.2479,-17.0802
crop_ENG_COMP__event_29e1450413524fd7be45c33d30eb4b07__t0_18437,19,0.76,1,ENG_COMP.mp4,29e1450413524fd7be45c33d30eb4b07,0,8,1,saved,left,left,,161.1084,128.2305,118.817,135.7837,170.3341,145.172,,,11.8529,2.7583,8.2281,8.2281,8.9524,0.6823,343.9749,169.8219,-284.2479,-17.0802
crop_ENG_COMP__event_7376bd0d0865438587744960dfdf200b__t0_3972,0,0.0,0,ENG_COMP.mp4,7376bd0d0865438587744960dfdf200b,2,6,0,goal,right,right,175.4699,176.676,150.3424,156.7205,162.9284,70.0628,23.5539,-787.0125,10418.8013,5.9839,3.5935,10.5551,-10.5551,6.4589,0.8817,155.8964,-430.5477,-162.4179,-70.1396
crop_ENG_COMP__event_7376bd0d0865438587744960dfdf200b__t0_3972,1,0.04,0,ENG_COMP.mp4,7376bd0d0865438587744960dfdf200b,2,6,0,goal,right,right,143.9894,172.7917,133.1205,132.2927,169.1643,75.8104,,-370.2604,12789.5284,5.9839,3.5935,12.6825,-12.6825,5.0964,0.8768,38.6343,-192.2039,-162.4179,-70.1396
crop_ENG_COMP__event_7376bd0d0865438587744960dfdf200b__t0_3972,2,0.08,0,ENG_COMP.mp4,7376bd0d0865438587744960dfdf200b,2,6,0,goal,right,right,145.849,174.2129,134.9661,132.2113,166.0192,75.5878,168.4035,236.1498,7795.7535,2.9291,3.7324,13.7008,-13.7009,1.3413,0.8704,-8.4188,10.2182,-162.4179,-70.1396
crop_ENG_COMP__event_7376bd0d0865438587744960dfdf200b__t0_3972,3,0.12,0,ENG_COMP.mp4,7376bd0d0865438587744960dfdf200b,2,6,0,goal,right,right,162.8813,,133.938,142.7062,168.4908,74.3248,164.9186,253.3998,-1899.0278,4.6035,5.464,13.8439,-13.8439,4.8017,0.8608,5.2263,7.1842,-162.4179,-70.1396
crop_ENG_COMP__event_7376bd0d0865438587744960dfdf200b__t0_3972,4,0.16,0,ENG_COMP.mp4,7376bd0d0865438587744960dfdf200b,2,6,0,goal,right,right,166.121,173.1062,135.5408,140.4123,166.4373,69.3587,171.0289,84.2276,-2996.4972,0.7239,1.7927,14.6798,-14.6798,5.6251,0.8506,-39.5477,-112.9881,-162.4179,-70.1396
crop_ENG_COMP__event_7376bd0d0865438587744960dfdf200b__t0_3972,5,0.2,0,ENG_COMP.mp4,7376bd0d0865438587744960dfdf200b,2,6,0,goal,right,right,169.6196,163.6598,124.8989,136.6101,165.327,55.6699,171.6699,13.6801,-1231.4177,1.4827,3.6159,15.2337,-15.2337,4.9134,0.8517,19.3224,-209.2653,-162.4179,-70.1396
crop_ENG_COMP__event_7376bd0d0865438587744960dfdf200b__t0_3972,6,0.24,0,ENG_COMP.mp4,7376bd0d0865438587744960dfdf200b,2,6,0,goal,right,right,167.2154,139.6113,118.7996,130.4323,167.9831,51.8545,,-14.2859,-534.0958,0.9467,2.0173,16.7238,-16.7238,1.8267,0.8535,51.4036,-63.2625,-162.4179,-70.1396
crop_ENG_COMP__event_7376bd0d0865438587744960dfdf200b__t0_3972,7,0.28,0,ENG_COMP.mp4,7376bd0d0865438587744960dfdf200b,2,6,0,goal,right,right,168.4767,131.8338,119.8379,124.8347,169.4392,50.8296,176.9725,-29.0476,-270.1116,1.4735,1.2477,17.0971,-17.0971,2.6357,0.8631,30.8308,-126.0485,-162.4179,-70.1396
crop_ENG_COMP__event_7376bd0d0865438587744960dfdf200b__t0_3972,8,0.32,0,ENG_COMP.mp4,7376bd0d0865438587744960dfdf200b,2,6,0,goal,right,right,164.8916,133.0901,108.7157,130.7295,170.4495,51.3332,,-35.8948,883.9917,0.4611,0.3491,17.5916,-17.5916,3.4447,0.8671,96.5948,-115.4989,-162.4179,-70.1396
crop_ENG_COMP__event_7376bd0d0865438587744960dfdf200b__t0_3972,9,0.36,0,ENG_COMP.mp4,7376bd0d0865438587744960dfdf200b,2,6,0,goal,right,right,165.6051,150.5337,110.598,132.4904,177.1668,46.9907,174.5261,41.6718,479.219,3.295,0.824,17.3957,-17.3956,1.3441,0.8767,54.7841,129.6727,-162.4179,-70.1396
crop_ENG_COMP__event_7376bd0d0865438587744960dfdf200b__t0_3972,10,0.4,0,ENG_COMP.mp4,7376bd0d0865438587744960dfdf200b,2,6,0,goal,right,right,168.2254,153.5795,119.0895,133.676,,47.308,170.7813,2.4427,-7910.8012,0.9325,0.9639,17.2131,-17.2131,0.8729,0.884,,190.3768,-162.4179,-70.1396
crop_ENG_COMP__event_7376bd0d0865438587744960dfdf200b__t0_3972,11,0.44,0,ENG_COMP.mp4,7376bd0d0865438587744960dfdf200b,2,6,0,goal,right,right,165.8005,153.5353,125.8281,136.1559,172.4977,53.381,,-591.1923,-9094.3968,4.7341,2.9782,15.5519,-15.5518,0.9606,0.8838,-10.244,-34.6801,-162.4179,-70.1396
crop_ENG_COMP__event_7376bd0d0865438587744960dfdf200b__t0_3972,12,0.48,0,ENG_COMP.mp4,7376bd0d0865438587744960dfdf200b,2,6,0,goal,right,right,120.93,163.7279,116.3151,140.0676,,71.3808,173.4324,-725.109,3963.8126,4.0773,2.1257,12.2629,-12.2629,3.3864,0.8878,,-226.0914,-162.4179,-70.1396
crop_ENG_COMP__event_7376bd0d0865438587744960dfdf200b__t0_3972,13,0.52,0,ENG_COMP.mp4,7376bd0d0865438587744960dfdf200b,2,6,0,goal,right,right,107.7918,177.063,107.7408,149.0545,175.5278,96.7341,,-274.0873,4205.6859,4.1796,0.4959,8.4031,-8.4031,4.7662,0.8942,-24.7462,485.961,-162.4179,-70.1396
crop_ENG_COMP__event_7376bd0d0865438587744960dfdf200b__t0_3972,14,0.56,0,ENG_COMP.mp4,7376bd0d0865438587744960dfdf200b,2,6,0,goal,right,right,,161.1501,155.192,,172.033,125.9215,152.5928,,,19.4499,3.3763,4.6602,-4.6602,10.9488,0.889,-16.5956,184.61,-162.4179,-70.1396
crop_ENG_COMP__event_7376bd0d0865438587744960dfdf200b__t0_3972,15,0.6,0,ENG_COMP.mp4,7376bd0d0865438587744960dfdf200b,2,6,0,goal,right,right,90.2142,168.8796,,166.1433,174.2001,100.595,153.6733,-503.2209,-2272.746,17.8406,1.97,0.3286,0.328,18.5403,0.8742,-200.3899,,-162.4179,-70.1396
crop_ENG_COMP__event_7376bd0d0865438587744960dfdf200b__t0_3972,16,0.64,0,ENG_COMP.mp4,7376bd0d0865438587744960dfdf200b,2,6,0,goal,right,right,58.7453,173.6253,89.8272,163.43,156.0018,98.4803,160.0238,-570.4738,12259.3972,4.0726,5.2498,3.9186,3.9186,38.4122,0.8596,-220.5603,-637.6048,-162.4179,-70.1396
crop_ENG_COMP__event_7376bd0d0865438587744960dfdf200b__t0_3972,17,0.68,0,ENG_COMP.mp4,7376bd0d0865438587744960dfdf200b,2,6,0,goal,right,right,44.5763,177.3083,71.5013,159.9953,156.5553,87.8598,161.8392,477.5308,18298.5397,1.1729,1.4311,7.7402,7.7402,45.2323,0.8416,-231.7875,181.7586,-162.4179,-70.1396
crop_ENG_COMP__event_7376bd0d0865438587744960dfdf200b__t0_3972,18,0.72,0,ENG_COMP.mp4,7376bd0d0865438587744960dfdf200b,2,6,0,goal,right,right,,175.5439,,142.2112,137.4588,109.3059,170.335,,,16.298,4.1947,4.3752,4.3752,52.5315,0.8372,-279.1037,,-162.4179,-70.1396
crop_ENG_COMP__event_7376bd0d0865438587744960dfdf200b__t0_3972,19,0.76,1,ENG_COMP.mp4,7376bd0d0865438587744960dfdf200b,2,6,0,goal,right,right,149.3193,168.0013,137.2346,147.5366,134.227,129.3319,160.5134,1309.2879,10396.9631,1.2089,4.4525,2.6537,2.6536,72.2255,0.8257,-80.7957,821.6671,-162.4179,-70.1396
crop_ENG_COMP__event_feec7dcde8474d75bb9ace2cd203d7bf__t0_18668,0,0.0,0,ENG_COMP.mp4,feec7dcde8474d75bb9ace2cd203d7bf,3,3,1,goal,right,right,79.6728,119.3885,133.7321,143.1664,114.7454,177.3684,163.5265,-146.8027,-675.3039,4.272,7.2382,29.6618,29.6618,7.4625,0.8568,-214.8922,-156.3601,-2.5382,142.0088
crop_ENG_COMP__event_feec7dcde8474d75bb9ace2cd203d7bf__t0_18668,1,0.04,0,ENG_COMP.mp4,feec7dcde8474d75bb9ace2cd203d7bf,3,3,1,goal,right,right,73.8007,127.9524,127.4777,116.7109,106.1497,153.2118,131.6168,-173.8149,449.9137,4.272,7.2382,33.6039,33.6039,26.1242,0.8526,-335.6848,-254.3188,-2.5382,142.0088
crop_ENG_COMP__event_feec7dcde8474d75bb9ace2cd203d7bf__t0_18668,2,0.08,0,ENG_COMP.mp4,feec7dcde8474d75bb9ace2cd203d7bf,3,3,1,goal,right,right,65.7676,143.1975,113.3866,105.2131,87.8906,114.8594,135.1689,-110.8096,5706.0307,6.3087,4.0892,34.6193,34.6193,11.4897,0.8475,-239.8932,-371.1027,-2.5382,142.0088
crop_ENG_COMP__event_feec7dcde8474d75bb9ace2cd203d7bf__t0_18668,3,0.12,0,ENG_COMP.mp4,feec7dcde8474d75bb9ace2cd203d7bf,3,3,1,goal,right,right,64.9359,151.25,97.7895,103.9214,86.9582,61.9038,117.7228,282.6676,6034.2872,5.1907,6.0962,31.971,31.971,167.6371,0.8552,24.8308,171.6626,-2.5382,142.0088
crop_ENG_COMP__event_feec7dcde8474d75bb9ace2cd203d7bf__t0_18668,4,0.16,0,ENG_COMP.mp4,feec7dcde8474d75bb9ace2cd203d7bf,3,3,1,goal,right,right,,101.6946,127.1196,84.5314,,41.2432,119.5493,,,14.0268,8.4371,30.2226,30.2226,38.3197,0.8609,,357.9952,-2.5382,142.0088
crop_ENG_COMP__event_feec7dcde8474d75bb9ace2cd203d7bf__t0_18668,5,0.2,0,ENG_COMP.mp4,feec7dcde8474d75bb9ace2cd203d7bf,3,3,1,goal,right,right,111.8261,,126.4291,,92.7959,26.2475,103.2601,461.1991,260.4163,21.6968,4.1755,32.9669,32.9669,137.9624,0.8693,205.2602,-64.721,-2.5382,142.0088
crop_ENG_COMP__event_feec7dcde8474d75bb9ace2cd203d7bf__t0_18668,6,0.24,0,ENG_COMP.mp4,feec7dcde8474d75bb9ace2cd203d7bf,3,3,1,goal,right,right,125.2769,169.7805,121.942,146.1049,106.2979,73.693,140.1522,392.7667,-3620.8397,0.8853,2.0726,30.1621,30.1621,2.038,0.8659,615.9457,-4.8983,-2.5382,142.0088
crop_ENG_COMP__event_feec7dcde8474d75bb9ace2cd203d7bf__t0_18668,7,0.28,0,ENG_COMP.mp4,feec7dcde8474d75bb9ace2cd203d7bf,3,3,1,goal,right,right,,134.7645,126.0373,106.4913,,31.796,126.3725,,,22.7506,2.7336,32.1939,32.1939,38.1967,0.8667,,173.2805,-2.5382,142.0088
crop_ENG_COMP__event_feec7dcde8474d75bb9ace2cd203d7bf__t0_18668,8,0.32,0,ENG_COMP.mp4,feec7dcde8474d75bb9ace2cd203d7bf,3,3,1,goal,right,right,161.2179,121.5274,135.8044,90.6001,177.8452,8.6285,132.1246,-49.7027,-6668.3877,1.1735,2.5328,31.295,31.295,22.5182,0.8688,336.3934,6.7909,-2.5382,142.0088
crop_ENG_COMP__event_feec7dcde8474d75bb9ace2cd203d7bf__t0_18668,9,0.36,0,ENG_COMP.mp4,feec7dcde8474d75bb9ace2cd203d7bf,3,3,1,goal,right,right,139.2712,127.3827,126.5805,86.2464,168.983,43.4421,146.3948,-361.939,-2877.0506,1.6624,3.2637,30.6135,30.6135,1.6605,0.8614,-261.9514,-226.4013,-2.5382,142.0088
crop_ENG_COMP__event_feec7dcde8474d75bb9ace2cd203d7bf__t0_18668,10,0.4,0,ENG_COMP.mp4,feec7dcde8474d75bb9ace2cd203d7bf,3,3,1,goal,right,right,132.2628,151.8288,117.6923,103.2172,156.8891,21.2229,152.3374,-279.8668,3315.8445,4.8595,6.9421,32.2935,32.2934,5.5752,0.8538,-396.5796,-554.4395,-2.5382,142.0088
crop_ENG_COMP__event_feec7dcde8474d75bb9ace2cd203d7bf__t0_18668,11,0.44,0,ENG_COMP.mp4,feec7dcde8474d75bb9ace2cd203d7bf,3,3,1,goal,right,right,116.8819,144.6215,82.2254,96.4217,137.2567,18.7955,106.2599,-96.6715,8386.7431,4.3993,2.5063,31.9177,31.9177,9.3929,0.852,-164.834,19.6848,-2.5382,142.0088
crop_ENG_COMP__event_feec7dcde8474d75bb9ace2cd203d7bf__t0_18668,12,0.48,0,ENG_COMP.mp4,feec7dcde8474d75bb9ace2cd203d7bf,3,3,1,goal,right,right,124.5291,154.2144,119.2671,91.4448,143.7024,35.7075,133.5103,391.0727,4136.2596,0.0174,2.4002,32.351,32.351,140.1746,0.8395,-61.8336,750.5404,-2.5382,142.0088
crop_ENG_COMP__event_feec7dcde8474d75bb9ace2cd203d7bf__t0_18668,13,0.52,0,ENG_COMP.mp4,feec7dcde8474d75bb9ace2cd203d7bf,3,3,1,goal,right,right,148.1677,167.1073,142.2686,132.4989,132.31,35.3395,155.7125,234.2293,-1860.2991,12.4241,3.4743,30.89,30.8899,19.4287,0.8389,230.8872,549.4888,-2.5382,142.0088
crop_ENG_COMP__event_feec7dcde8474d75bb9ace2cd203d7bf__t0_18668,14,0.56,0,ENG_COMP.mp4,feec7dcde8474d75bb9ace2cd203d7bf,3,3,1,goal,right,right,143.2674,,163.2262,156.6031,162.1734,69.5945,,242.2487,1178.3338,18.7531,20.8617,15.9566,15.9566,0.4715,0.8378,182.7667,396.3743,-2.5382,142.0088
crop_ENG_COMP__event_feec7dcde8474d75bb9ace2cd203d7bf__t0_18668,15,0.6,0,ENG_COMP.mp4,feec7dcde8474d75bb9ace2cd203d7bf,3,3,1,goal,right,right,167.5476,167.0093,173.9786,160.6631,146.9313,,45.4765,328.496,-2335.0668,10.4379,7.3348,16.3916,16.3916,8.2644,0.8403,-168.7319,-57.9411,-2.5382,142.0088
crop_ENG_COMP__event_feec7dcde8474d75bb9ace2cd203d7bf__t0_18668,16,0.64,0,ENG_COMP.mp4,feec7dcde8474d75bb9ace2cd203d7bf,3,3,1,goal,right,right,169.5471,167.1869,158.5909,138.4421,148.6748,73.0082,47.5148,55.4434,-3421.0086,8.3384,23.4889,16.9138,16.9138,3.1801,0.0,46.3219,-407.2794,-2.5382,142.0088
crop_ENG_COMP__event_feec7dcde8474d75bb9ace2cd203d7bf__t0_18668,17,0.68,0,ENG_COMP.mp4,feec7dcde8474d75bb9ace2cd203d7bf,3,3,1,goal,right,right,171.983,171.2489,141.3962,124.8136,150.6371,,84.6714,54.8153,-433.5117,8.3384,23.4889,17.6984,17.6984,13.7985,0.8249,4.8317,-226.6235,-2.5382,142.0088
crop_ENG_COMP__event_feec7dcde8474d75bb9ace2cd203d7bf__t0_18668,18,0.72,0,ENG_COMP.mp4,feec7dcde8474d75bb9ace2cd203d7bf,3,3,1,goal,right,right,173.9323,,140.461,130.6062,149.0613,145.2392,87.0001,20.7624,-775.28,3.863,14.8457,19.2114,19.2113,9.4767,0.8105,-27.8761,-78.8807,-2.5382,142.0088
crop_ENG_COMP__event_feec7dcde8474d75bb9ace2cd203d7bf__t0_18668,19,0.76,1,ENG_COMP.mp4,feec7dcde8474d75bb9ace2cd203d7bf,3,3,1,goal,right,right,173.644,177.1956,135.0858,131.1119,148.407,173.2102,82.8296,-7.2071,-699.2388,4.9394,19.0707,20.2369,20.2369,10.0348,0.816,-16.3593,-134.3815,-2.5382,142.0088
crop_Ita_Eng_euro2020__event_58527fc8309f4698a7628420776fcfce__t0_1260,0,0.0,0,Ita_Eng_euro2020.mp4,58527fc8309f4698a7628420776fcfce,0,7,0,post,right,right,141.0149,164.2311,118.7931,118.7392,156.688,,130.2332,176.6289,615.7112,1.1595,1.0432,12.1185,12.1185,3.943,0.7807,45.7928,-32.4768,70.9002,21.4592
crop_Ita_Eng_euro2020__event_58527fc8309f4698a7628420776fcfce__t0_1260,1,0.04,0,Ita_Eng_euro2020.mp4,58527fc8309f4698a7628420776fcfce,0,7,0,post,right,right,148.0801,166.3377,117.4941,123.6767,158.5198,,125.8859,201.2573,-587.5683,1.1595,1.0432,12.5706,12.5706,3.8697,0.7768,55.8403,37.3092,70.9002,21.4592
crop_Ita_Eng_euro2020__event_58527fc8309f4698a7628420776fcfce__t0_1260,2,0.08,0,Ita_Eng_euro2020.mp4,58527fc8309f4698a7628420776fcfce,0,7,0,post,right,right,157.1155,167.5522,121.7779,121.9267,161.1553,,130.5693,129.6234,-2274.1199,0.9647,1.3524,13.1993,13.1993,4.295,0.7757,46.4157,-46.9148,70.9002,21.4592
crop_Ita_Eng_euro2020__event_58527fc8309f4698a7628420776fcfce__t0_1260,3,0.12,0,Ita_Eng_euro2020.mp4,58527fc8309f4698a7628420776fcfce,0,7,0,post,right,right,158.4499,168.0406,113.7409,123.6264,162.233,,123.8116,19.3277,-2271.5616,0.2545,1.2967,13.58,13.58,4.9519,0.7782,44.8366,-219.7085,70.9002,21.4592
crop_Ita_Eng_euro2020__event_58527fc8309f4698a7628420776fcfce__t0_1260,4,0.16,0,Ita_Eng_euro2020.mp4,58527fc8309f4698a7628420776fcfce,0,7,0,post,right,right,158.6617,166.8951,104.2012,124.8519,164.7422,,127.6505,-52.1015,-1619.7705,0.3931,1.3432,13.6674,13.6674,4.8419,0.777,23.6914,-245.8831,70.9002,21.4592
crop_Ita_Eng_euro2020__event_58527fc8309f4698a7628420776fcfce__t0_1260,5,0.2,0,Ita_Eng_euro2020.mp4,58527fc8309f4698a7628420776fcfce,0,7,0,post,right,right,154.2818,165.8847,94.0702,133.7233,164.1283,,133.2795,-110.2539,-384.6741,0.3675,1.0862,13.7724,13.7724,5.2454,0.7775,-11.5953,-127.1116,70.9002,21.4592
crop_Ita_Eng_euro2020__event_58527fc8309f4698a7628420776fcfce__t0_1260,6,0.24,0,Ita_Eng_euro2020.mp4,58527fc8309f4698a7628420776fcfce,0,7,0,post,right,right,149.8414,162.9823,94.0323,145.5051,163.8146,80.0279,129.4992,-82.8754,2026.2074,1.0432,0.2071,14.1507,14.1507,4.8197,0.7809,9.5287,47.5109,70.9002,21.4592
crop_Ita_Eng_euro2020__event_58527fc8309f4698a7628420776fcfce__t0_1260,7,0.28,0,Ita_Eng_euro2020.mp4,58527fc8309f4698a7628420776fcfce,0,7,0,post,right,right,147.6518,159.8321,97.8711,154.8005,164.8906,88.9025,128.6996,51.8427,2918.7226,1.169,0.2663,14.1106,14.1106,3.0594,0.7835,97.4863,114.3617,70.9002,21.4592
crop_Ita_Eng_euro2020__event_58527fc8309f4698a7628420776fcfce__t0_1260,8,0.32,0,Ita_Eng_euro2020.mp4,58527fc8309f4698a7628420776fcfce,0,7,0,post,right,right,153.9888,155.1589,103.1812,150.0531,171.6135,93.6661,94.2207,150.6224,904.4266,1.2886,1.0788,14.1385,14.1385,0.6927,0.7869,133.9716,211.3885,70.9002,21.4592
crop_Ita_Eng_euro2020__event_58527fc8309f4698a7628420776fcfce__t0_1260,9,0.36,0,Ita_Eng_euro2020.mp4,58527fc8309f4698a7628420776fcfce,0,7,0,post,right,right,159.7016,152.2886,114.7822,147.0127,175.6084,96.9102,74.5232,124.1968,-128.8247,1.4038,2.0976,14.8658,14.8658,3.548,0.7863,55.6197,134.8712,70.9002,21.4592
crop_Ita_Eng_euro2020__event_58527fc8309f4698a7628420776fcfce__t0_1260,10,0.4,0,Ita_Eng_euro2020.mp4,58527fc8309f4698a7628420776fcfce,0,7,0,post,right,right,163.9246,159.753,113.9709,106.8263,,98.1517,64.8782,140.3164,-616.7769,0.6067,1.3162,14.9024,14.9024,4.2893,0.7871,,146.2608,70.9002,21.4592
crop_Ita_Eng_euro2020__event_58527fc8309f4698a7628420776fcfce__t0_1260,11,0.44,0,Ita_Eng_euro2020.mp4,58527fc8309f4698a7628420776fcfce,0,7,0,post,right,right,170.9269,158.9826,126.4831,149.8904,176.5178,97.3647,57.3216,74.8547,-2604.959,0.869,2.2271,15.177,15.177,6.67,0.7837,2.0305,393.3148,70.9002,21.4592
crop_Ita_Eng_euro2020__event_58527fc8309f4698a7628420776fcfce__t0_1260,12,0.48,0,Ita_Eng_euro2020.mp4,58527fc8309f4698a7628420776fcfce,0,7,0,post,right,right,169.9129,161.1037,145.4361,170.6882,176.2255,93.9419,46.323,-68.0803,-3668.6087,0.8165,2.1013,13.9229,13.9229,3.6707,0.7811,-50.5247,175.7565,70.9002,21.4592
crop_Ita_Eng_euro2020__event_58527fc8309f4698a7628420776fcfce__t0_1260,13,0.52,0,Ita_Eng_euro2020.mp4,58527fc8309f4698a7628420776fcfce,0,7,0,post,right,right,165.4805,147.142,140.5436,158.7008,172.4758,90.985,6.1755,-218.634,-4455.3304,0.5738,2.0565,11.2891,11.2891,2.2489,0.771,-85.0861,-112.6244,70.9002,21.4592
crop_Ita_Eng_euro2020__event_58527fc8309f4698a7628420776fcfce__t0_1260,14,0.56,0,Ita_Eng_euro2020.mp4,58527fc8309f4698a7628420776fcfce,0,7,0,post,right,right,152.4222,173.5114,136.4261,153.9233,169.4186,87.5044,,-424.5068,-4531.8341,2.1673,3.154,7.0342,7.0342,1.7469,0.7627,7.019,-290.0928,70.9002,21.4592
crop_Ita_Eng_euro2020__event_58527fc8309f4698a7628420776fcfce__t0_1260,15,0.6,0,Ita_Eng_euro2020.mp4,58527fc8309f4698a7628420776fcfce,0,7,0,post,right,right,131.5199,175.857,117.3362,159.2812,173.0373,79.1759,173.1309,-581.1808,7382.3166,3.2603,4.4522,5.3826,5.3826,10.3382,0.7624,51.8156,-143.6619,70.9002,21.4592
crop_Ita_Eng_euro2020__event_58527fc8309f4698a7628420776fcfce__t0_1260,16,0.64,0,Ita_Eng_euro2020.mp4,58527fc8309f4698a7628420776fcfce,0,7,0,post,right,right,105.9277,170.1006,124.9332,171.1716,173.5639,79.0836,165.4622,166.0786,13966.291,2.8337,6.4848,3.4881,3.488,11.1779,0.7734,-84.2577,244.1395,70.9002,21.4592
crop_Ita_Eng_euro2020__event_58527fc8309f4698a7628420776fcfce__t0_1260,17,0.68,0,Ita_Eng_euro2020.mp4,58527fc8309f4698a7628420776fcfce,0,7,0,post,right,right,144.8062,176.5385,136.8673,169.1128,166.2967,76.2318,164.9736,536.1225,-8506.6402,6.2258,3.1896,2.592,2.592,19.0754,0.7766,-446.9604,-37.0214,70.9002,21.4592
crop_Ita_Eng_euro2020__event_58527fc8309f4698a7628420776fcfce__t0_1260,18,0.72,0,Ita_Eng_euro2020.mp4,58527fc8309f4698a7628420776fcfce,0,7,0,post,right,right,148.8176,159.7994,121.9715,132.5012,137.807,63.3585,155.233,-514.4526,-20816.3953,6.1527,4.9767,6.9343,6.9343,30.047,0.7793,-690.5837,-307.3508,70.9002,21.4592
crop_Ita_Eng_euro2020__event_58527fc8309f4698a7628420776fcfce__t0_1260,19,0.76,1,Ita_Eng_euro2020.mp4,58527fc8309f4698a7628420776fcfce,0,7,0,post,right,right,103.65,167.3961,112.2792,111.8838,111.05,37.7578,152.2961,-1129.1891,-15368.4115,6.4114,6.3381,13.8055,13.8055,24.5888,0.7702,-668.9257,-242.3058,70.9002,21.4592
crop_MAC_MUn_CoS__event_02bfd6a7e9bf458f8f830490672c1b5c__t0_7010,0,0.0,0,MAC_MUn_CoS.mp4,02bfd6a7e9bf458f8f830490672c1b5c,3,4,0,goal,right,right,150.1378,112.7638,94.7366,125.384,144.0922,,94.6109,-1043.5577,21625.4282,2.9201,4.2403,38.6457,38.6456,52.6717,0.8296,-556.3509,402.5911,231.9814,7.3115
crop_MAC_MUn_CoS__event_02bfd6a7e9bf458f8f830490672c1b5c__t0_7010,1,0.04,0,MAC_MUn_CoS.mp4,02bfd6a7e9bf458f8f830490672c1b5c,3,4,0,goal,right,right,108.3955,142.0586,110.8403,97.746,121.8382,,92.042,-178.5406,19177.8946,2.9201,4.2403,36.5763,36.5763,0.9492,0.8306,-78.8754,671.2568,231.9814,7.3115
crop_MAC_MUn_CoS__event_02bfd6a7e9bf458f8f830490672c1b5c__t0_7010,2,0.08,0,MAC_MUn_CoS.mp4,02bfd6a7e9bf458f8f830490672c1b5c,3,4,0,goal,right,right,135.8545,146.4933,148.4372,93.1067,137.7822,,91.7653,490.6738,2951.9892,0.8284,4.5041,35.3682,35.3682,2.2064,0.8327,375.5628,592.4651,231.9814,7.3115
crop_MAC_MUn_CoS__event_02bfd6a7e9bf458f8f830490672c1b5c__t0_7010,3,0.12,0,MAC_MUn_CoS.mp4,02bfd6a7e9bf458f8f830490672c1b5c,3,4,0,goal,right,right,147.6494,131.2653,158.2375,143.0552,151.8832,,92.0954,57.6185,-10873.9328,2.3085,5.9191,34.5436,34.5436,65.8657,0.8349,193.8301,-139.6717,231.9814,7.3115
crop_MAC_MUn_CoS__event_02bfd6a7e9bf458f8f830490672c1b5c__t0_7010,4,0.16,0,MAC_MUn_CoS.mp4,02bfd6a7e9bf458f8f830490672c1b5c,3,4,0,goal,right,right,140.464,116.0354,137.2634,118.9844,153.2886,,96.6111,-379.2408,-7903.9252,1.4205,4.8428,33.7469,33.7469,18.6567,0.838,-106.9403,-221.7421,231.9814,7.3115
crop_MAC_MUn_CoS__event_02bfd6a7e9bf458f8f830490672c1b5c__t0_7010,5,0.2,0,MAC_MUn_CoS.mp4,02bfd6a7e9bf458f8f830490672c1b5c,3,4,0,goal,right,right,117.3101,114.328,140.4981,109.9372,143.328,,107.6043,-574.6955,4108.7723,0.7913,2.6712,32.4894,32.4894,0.705,0.8388,-283.6498,181.4419,231.9814,7.3115
crop_MAC_MUn_CoS__event_02bfd6a7e9bf458f8f830490672c1b5c__t0_7010,6,0.24,0,MAC_MUn_CoS.mp4,02bfd6a7e9bf458f8f830490672c1b5c,3,4,0,goal,right,right,94.4884,113.5129,151.7788,137.6169,130.5966,,134.1748,-50.539,8169.955,0.8278,0.8321,33.4688,33.4688,21.0531,0.839,-31.7589,131.5147,231.9814,7.3115
crop_MAC_MUn_CoS__event_02bfd6a7e9bf458f8f830490672c1b5c__t0_7010,7,0.28,0,MAC_MUn_CoS.mp4,02bfd6a7e9bf458f8f830490672c1b5c,3,4,0,goal,right,right,113.267,113.0744,151.0193,125.4459,140.7873,,128.1377,78.9009,5879.1089,0.3232,2.149,34.4136,34.4136,10.6075,0.8262,-251.528,-550.621,231.9814,7.3115
crop_MAC_MUn_CoS__event_02bfd6a7e9bf458f8f830490672c1b5c__t0_7010,8,0.32,0,MAC_MUn_CoS.mp4,02bfd6a7e9bf458f8f830490672c1b5c,3,4,0,goal,right,right,100.8004,137.1435,107.7291,114.8785,110.4744,,126.7699,419.7897,6457.7186,12.3675,2.0362,35.4255,35.4255,1.7215,0.8359,332.9018,86.6755,231.9814,7.3115
crop_MAC_MUn_CoS__event_02bfd6a7e9bf458f8f830490672c1b5c__t0_7010,9,0.36,0,MAC_MUn_CoS.mp4,02bfd6a7e9bf458f8f830490672c1b5c,3,4,0,goal,right,right,146.8502,101.594,157.9533,109.6296,167.4194,,158.3216,595.5184,-10324.9764,13.8398,6.9421,30.78,30.78,2.1397,0.8507,837.7819,682.7419,231.9814,7.3115
crop_MAC_MUn_CoS__event_02bfd6a7e9bf458f8f830490672c1b5c__t0_7010,10,0.4,0,MAC_MUn_CoS.mp4,02bfd6a7e9bf458f8f830490672c1b5c,3,4,0,goal,right,right,148.4419,112.1953,162.3485,122.7913,177.4969,,,-406.2084,-13250.8826,1.2617,5.7436,27.8944,27.8944,2.9653,0.8601,-136.8071,-93.0092,231.9814,7.3115
crop_MAC_MUn_CoS__event_02bfd6a7e9bf458f8f830490672c1b5c__t0_7010,11,0.44,0,MAC_MUn_CoS.mp4,02bfd6a7e9bf458f8f830490672c1b5c,3,4,0,goal,right,right,114.3535,118.1294,150.5126,117.5457,156.4749,177.3453,100.2704,-464.5522,9865.7942,2.5309,1.9418,29.2204,29.2204,19.1815,0.871,-453.5646,-537.4935,231.9814,7.3115
crop_MAC_MUn_CoS__event_02bfd6a7e9bf458f8f830490672c1b5c__t0_7010,12,0.48,0,MAC_MUn_CoS.mp4,02bfd6a7e9bf458f8f830490672c1b5c,3,4,0,goal,right,right,111.2777,127.2109,119.349,139.1672,141.2118,166.0917,128.6947,383.0551,14241.5762,6.6329,1.145,29.8403,29.8403,28.8651,0.8787,52.5826,-154.6885,231.9814,7.3115
crop_MAC_MUn_CoS__event_02bfd6a7e9bf458f8f830490672c1b5c__t0_7010,13,0.52,0,MAC_MUn_CoS.mp4,02bfd6a7e9bf458f8f830490672c1b5c,3,4,0,goal,right,right,144.9979,106.6377,138.1375,158.1561,160.6815,156.7115,139.5896,674.7739,-2488.7323,1.9989,0.8002,32.5167,32.5167,73.6984,0.8669,446.85,344.747,231.9814,7.3115
crop_MAC_MUn_CoS__event_02bfd6a7e9bf458f8f830490672c1b5c__t0_7010,14,0.56,0,MAC_MUn_CoS.mp4,02bfd6a7e9bf458f8f830490672c1b5c,3,4,0,goal,right,right,165.2596,95.5791,146.9287,118.4821,176.9598,150.0403,148.1783,183.9565,-13405.1883,2.1976,5.7892,25.6798,25.6798,24.7967,0.8658,-22.1165,216.1572,231.9814,7.3115
crop_MAC_MUn_CoS__event_02bfd6a7e9bf458f8f830490672c1b5c__t0_7010,15,0.6,0,MAC_MUn_CoS.mp4,02bfd6a7e9bf458f8f830490672c1b5c,3,4,0,goal,right,right,159.7144,120.2323,155.4301,117.6404,158.9122,,166.0219,-397.6412,-15564.3189,4.1889,6.5483,18.1535,18.1535,21.5602,0.8654,-246.3634,91.1242,231.9814,7.3115
crop_MAC_MUn_CoS__event_02bfd6a7e9bf458f8f830490672c1b5c__t0_7010,16,0.64,0,MAC_MUn_CoS.mp4,02bfd6a7e9bf458f8f830490672c1b5c,3,4,0,goal,right,right,133.4483,135.6476,154.2187,122.8989,157.2507,,162.7124,-1061.189,165.7605,5.3492,6.1345,15.4046,15.4046,29.4926,0.8527,-94.0575,41.3525,231.9814,7.3115
crop_MAC_MUn_CoS__event_02bfd6a7e9bf458f8f830490672c1b5c__t0_7010,17,0.68,0,MAC_MUn_CoS.mp4,02bfd6a7e9bf458f8f830490672c1b5c,3,4,0,goal,right,right,74.8193,140.4292,158.7383,116.6339,151.3876,,177.5617,-384.3803,21964.7264,8.3137,2.6329,8.1419,8.1419,24.436,0.8542,-550.963,-655.2628,231.9814,7.3115
crop_MAC_MUn_CoS__event_02bfd6a7e9bf458f8f830490672c1b5c__t0_7010,18,0.72,0,MAC_MUn_CoS.mp4,02bfd6a7e9bf458f8f830490672c1b5c,3,4,0,goal,right,right,102.6979,128.2435,101.7977,106.4016,113.1737,,177.0441,695.9891,13492.4126,17.7117,0.8288,1.1802,1.1802,10.9897,0.8232,-297.6021,-257.4572,231.9814,7.3115
crop_MAC_MUn_CoS__event_02bfd6a7e9bf458f8f830490672c1b5c__t0_7010,19,0.76,1,MAC_MUn_CoS.mp4,02bfd6a7e9bf458f8f830490672c1b5c,3,4,0,goal,right,right,130.4984,139.3908,138.1417,131.2814,127.5794,,172.5766,695.0127,-24.4117,2.6418,5.0618,5.3168,-5.3168,22.5238,0.8298,360.1433,908.6018,231.9814,7.3115
crop_MUn_Che_UCl__event_b9fe580984d44ae1a59c621c7a77983e__t0_4295,0,0.0,0,MUn_Che_UCl.mp4,b9fe580984d44ae1a59c621c7a77983e,1,6,0,post,right,right,171.2581,110.5375,161.4994,153.9496,,170.3626,,46.9257,-593.3094,2.301,1.377,10.5218,-10.5218,14.5754,0.7957,,-118.9602,-279.6267,-9.275
crop_MUn_Che_UCl__event_b9fe580984d44ae1a59c621c7a77983e__t0_4295,1,0.04,0,MUn_Che_UCl.mp4,b9fe580984d44ae1a59c621c7a77983e,1,6,0,post,right,right,173.1351,105.3898,156.741,145.2243,175.5962,159.4949,,23.1934,-314.6434,2.301,1.377,10.0885,-10.0885,15.0877,0.7918,-29.0051,-15.649,-279.6267,-9.275
crop_MUn_Che_UCl__event_b9fe580984d44ae1a59c621c7a77983e__t0_4295,2,0.08,0,MUn_Che_UCl.mp4,b9fe580984d44ae1a59c621c7a77983e,1,6,0,post,right,right,173.1136,107.2717,160.2475,155.8408,173.2758,151.503,,21.7543,-223.6724,0.8494,1.3105,8.8622,-8.8622,14.3013,0.7859,-112.5954,79.9913,-279.6267,-9.275
crop_MUn_Che_UCl__event_b9fe580984d44ae1a59c621c7a77983e__t0_4295,3,0.12,0,MUn_Che_UCl.mp4,b9fe580984d44ae1a59c621c7a77983e,1,6,0,post,right,right,174.8755,105.0726,163.1403,131.5446,166.5886,143.0592,,5.2996,-1049.192,0.755,2.802,6.5192,-6.5192,15.1973,0.78,-97.7951,-21.8979,-279.6267,-9.275
crop_MUn_Che_UCl__event_b9fe580984d44ae1a59c621c7a77983e__t0_4295,4,0.16,0,MUn_Che_UCl.mp4,b9fe580984d44ae1a59c621c7a77983e,1,6,0,post,right,right,173.5375,101.2595,158.4957,129.6266,165.4522,139.7935,,-62.1811,-2366.6883,0.5013,1.8265,6.0728,-6.0728,16.1426,0.7815,-47.7186,-98.4144,-279.6267,-9.275
crop_MUn_Che_UCl__event_b9fe580984d44ae1a59c621c7a77983e__t0_4295,5,0.2,0,MUn_Che_UCl.mp4,b9fe580984d44ae1a59c621c7a77983e,1,6,0,post,right,right,169.901,106.7823,155.2672,113.7006,162.7711,127.2616,,-184.0355,-450.5277,1.6469,1.9804,5.7552,-5.7552,18.2183,0.7832,-71.9271,-7.8995,-279.6267,-9.275
crop_MUn_Che_UCl__event_b9fe580984d44ae1a59c621c7a77983e__t0_4295,6,0.24,0,MUn_Che_UCl.mp4,b9fe580984d44ae1a59c621c7a77983e,1,6,0,post,right,right,158.8147,118.3761,157.8637,98.1425,159.6981,115.206,,-98.2233,2614.46,2.6566,3.3976,4.5609,-4.5609,18.2047,0.7736,-133.5278,190.1659,-279.6267,-9.275
crop_MUn_Che_UCl__event_b9fe580984d44ae1a59c621c7a77983e__t0_4295,7,0.28,0,MUn_Che_UCl.mp4,b9fe580984d44ae1a59c621c7a77983e,1,6,0,post,right,right,162.0431,127.1449,170.4805,107.3314,152.0889,144.5168,,25.1213,309.8369,1.2559,3.6827,3.7007,-3.7007,13.9937,0.7708,-123.4146,135.3188,-279.6267,-9.275
crop_MUn_Che_UCl__event_b9fe580984d44ae1a59c621c7a77983e__t0_4295,8,0.32,0,MUn_Che_UCl.mp4,b9fe580984d44ae1a59c621c7a77983e,1,6,0,post,right,right,160.8244,130.5997,168.6892,105.2782,149.8249,149.7945,,-73.4364,-2280.7908,0.1821,2.2009,3.0097,-3.0097,16.0051,0.7627,-82.8501,33.3864,-279.6267,-9.275
crop_MUn_Che_UCl__event_b9fe580984d44ae1a59c621c7a77983e__t0_4295,9,0.36,0,MUn_Che_UCl.mp4,b9fe580984d44ae1a59c621c7a77983e,1,6,0,post,right,right,156.1682,134.0261,173.1514,95.1039,145.4609,166.8116,,-157.342,-496.1348,1.3213,2.6311,0.7938,-0.7937,16.2632,0.7542,-77.8381,102.1595,-279.6267,-9.275
crop_MUn_Che_UCl__event_b9fe580984d44ae1a59c621c7a77983e__t0_4295,10,0.4,0,MUn_Che_UCl.mp4,b9fe580984d44ae1a59c621c7a77983e,1,6,0,post,right,right,148.237,131.5141,176.862,98.1423,143.5978,172.7427,,-113.1271,2043.4332,1.0535,1.9597,1.9596,1.9596,17.3707,0.755,-25.0088,-11.8237,-279.6267,-9.275
crop_MUn_Che_UCl__event_b9fe580984d44ae1a59c621c7a77983e__t0_4295,11,0.44,0,MUn_Che_UCl.mp4,b9fe580984d44ae1a59c621c7a77983e,1,6,0,post,right,right,147.118,134.4763,,99.8675,143.4602,172.6711,,6.1327,3565.4688,0.6219,0.6062,2.0814,2.0814,18.3523,0.7624,-43.0546,,-279.6267,-9.275
crop_MUn_Che_UCl__event_b9fe580984d44ae1a59c621c7a77983e__t0_4295,12,0.48,0,MUn_Che_UCl.mp4,b9fe580984d44ae1a59c621c7a77983e,1,6,0,post,right,right,148.7276,139.2768,,108.0168,140.1535,171.8575,,172.1104,2723.4268,0.5215,1.7741,5.3395,5.3395,15.3525,0.7804,-106.7581,,-279.6267,-9.275
crop_MUn_Che_UCl__event_b9fe580984d44ae1a59c621c7a77983e__t0_4295,13,0.52,0,MUn_Che_UCl.mp4,b9fe580984d44ae1a59c621c7a77983e,1,6,0,post,right,right,160.8869,141.3967,162.8925,105.5843,134.9195,169.8762,,224.0068,-355.2794,0.5281,0.8826,8.3911,8.3911,13.17,0.7924,38.5948,-9.0666,-279.6267,-9.275
crop_MUn_Che_UCl__event_b9fe580984d44ae1a59c621c7a77983e__t0_4295,14,0.56,0,MUn_Che_UCl.mp4,b9fe580984d44ae1a59c621c7a77983e,1,6,0,post,right,right,166.6482,139.0931,166.8236,97.6998,143.2411,166.462,176.0413,143.688,-1062.746,4.7573,1.041,9.4872,9.4872,13.8909,0.799,65.2388,5.2843,-279.6267,-9.275
crop_MUn_Che_UCl__event_b9fe580984d44ae1a59c621c7a77983e__t0_4295,15,0.6,0,MUn_Che_UCl.mp4,b9fe580984d44ae1a59c621c7a77983e,1,6,0,post,right,right,172.3819,140.6216,163.3152,92.6106,140.1386,164.1409,176.3793,138.9872,-1191.7233,0.8095,0.5399,11.3665,11.3664,13.8001,0.8067,74.1964,39.23,-279.6267,-9.275
crop_MUn_Che_UCl__event_b9fe580984d44ae1a59c621c7a77983e__t0_4295,16,0.64,0,MUn_Che_UCl.mp4,b9fe580984d44ae1a59c621c7a77983e,1,6,0,post,right,right,177.7672,142.9414,169.962,92.2685,149.1768,166.3248,,48.3501,-2057.7431,3.0394,1.4104,12.9036,12.9036,7.8584,0.8095,131.7165,-77.9594,-279.6267,-9.275
crop_MUn_Che_UCl__event_b9fe580984d44ae1a59c621c7a77983e__t0_4295,17,0.68,0,MUn_Che_UCl.mp4,b9fe580984d44ae1a59c621c7a77983e,1,6,0,post,right,right,176.2499,141.079,157.0784,92.1512,150.676,159.1053,,-25.6323,-1022.2125,0.2811,1.0309,13.7035,13.7034,6.0257,0.8108,34.6457,-321.7936,-279.6267,-9.275
crop_MUn_Che_UCl__event_b9fe580984d44ae1a59c621c7a77983e__t0_4295,18,0.72,0,MUn_Che_UCl.mp4,b9fe580984d44ae1a59c621c7a77983e,1,6,0,post,right,right,175.7166,139.8121,144.2186,91.7143,151.9484,157.6024,,-33.4269,-348.6037,0.2668,0.9917,13.5344,13.5344,5.183,0.8147,261.1355,37.6072,-279.6267,-9.275
crop_MUn_Che_UCl__event_b9fe580984d44ae1a59c621c7a77983e__t0_4295,19,0.76,1,MUn_Che_UCl.mp4,b9fe580984d44ae1a59c621c7a77983e,1,6,0,post,right,right,173.5758,141.8162,160.087,98.2775,171.5668,111.7576,,-53.5206,-502.3432,2.6036,0.5917,14.7129,14.7129,3.3278,0.8066,490.4594,396.7117,-279.6267,-9.275
crop_RAN_CEL_CUP__event_66effa92184f439cad75189c45d002c2__t0_9163,0,0.0,0,RAN_CEL_CUP.mp4,66effa92184f439cad75189c45d002c2,3,Out,0,out,right,right,175.9049,131.4579,160.7724,125.3245,169.1508,156.3348,151.2346,17.8726,-75.2878,0.5514,0.1538,13.8059,13.806,12.7785,0.9931,41.9605,-103.9772,169.9576,45.2726
crop_RAN_CEL_CUP__event_66effa92184f439cad75189c45d002c2__t0_9163,1,0.04,0,RAN_CEL_CUP.mp4,66effa92184f439cad75189c45d002c2,3,Out,0,out,right,right,176.6198,135.4842,156.6133,120.186,170.8292,162.0857,151.0269,14.8611,-472.7638,0.5514,0.1538,13.7741,13.7741,12.7693,0.9928,61.331,12.9408,169.9576,45.2726
crop_RAN_CEL_CUP__event_66effa92184f439cad75189c45d002c2__t0_9163,2,0.08,0,RAN_CEL_CUP.mp4,66effa92184f439cad75189c45d002c2,3,Out,0,out,right,right,177.0938,137.65,161.8076,124.6205,174.0573,170.9441,152.0085,-19.9485,-998.0321,1.6846,0.4865,14.0081,14.0081,11.8894,0.9923,76.7141,22.6267,169.9576,45.2726
crop_RAN_CEL_CUP__event_66effa92184f439cad75189c45d002c2__t0_9163,3,0.12,0,RAN_CEL_CUP.mp4,66effa92184f439cad75189c45d002c2,3,Out,0,out,right,right,,137.6684,158.4234,125.3774,176.9664,,154.5294,,,1.5399,0.9702,14.1501,14.1501,11.4071,0.9911,26.2997,-44.6774,169.9576,45.2726
crop_RAN_CEL_CUP__event_66effa92184f439cad75189c45d002c2__t0_9163,4,0.16,0,RAN_CEL_CUP.mp4,66effa92184f439cad75189c45d002c2,3,Out,0,out,right,right,172.9541,137.8973,158.2334,114.685,,167.7592,156.9467,-110.0144,-1347.4321,2.5074,1.3498,14.2063,14.2064,11.9144,0.9851,,-10.3752,169.9576,45.2726
crop_RAN_CEL_CUP__event_66effa92184f439cad75189c45d002c2__t0_9163,5,0.2,0,RAN_CEL_CUP.mp4,66effa92184f439cad75189c45d002c2,3,Out,0,out,right,right,166.2228,140.6603,157.5934,117.5837,175.3562,159.7103,160.7622,-172.776,-1326.5026,2.9617,1.5053,13.6821,13.6821,12.3035,0.9767,-78.6987,-17.0063,169.9576,45.2726
crop_RAN_CEL_CUP__event_66effa92184f439cad75189c45d002c2__t0_9163,6,0.24,0,RAN_CEL_CUP.mp4,66effa92184f439cad75189c45d002c2,3,Out,0,out,right,right,159.132,145.8566,156.8729,150.6508,169.8654,157.2834,164.7065,-216.1346,-2920.1967,4.0917,1.295,13.1237,13.1237,12.4181,0.9637,-155.3995,62.8437,169.9576,45.2726
crop_RAN_CEL_CUP__event_66effa92184f439cad75189c45d002c2__t0_9163,7,0.28,0,RAN_CEL_CUP.mp4,66effa92184f439cad75189c45d002c2,3,Out,0,out,right,right,148.932,149.0462,162.6209,158.2912,162.9242,153.9671,169.2879,-406.3918,-2013.2655,2.8011,1.6681,12.4675,12.4675,14.9213,0.936,-156.3435,-283.5969,169.9576,45.2726
crop_RAN_CEL_CUP__event_66effa92184f439cad75189c45d002c2__t0_9163,8,0.32,0,RAN_CEL_CUP.mp4,66effa92184f439cad75189c45d002c2,3,Out,0,out,right,right,,151.667,,139.5725,157.3579,157.0685,175.4029,,,1.8268,1.4202,11.5184,11.5185,14.8165,0.9055,-128.4609,,169.9576,45.2726
crop_RAN_CEL_CUP__event_66effa92184f439cad75189c45d002c2__t0_9163,9,0.36,0,RAN_CEL_CUP.mp4,66effa92184f439cad75189c45d002c2,3,Out,0,out,right,right,104.3093,152.3284,105.7495,177.0083,152.6473,161.9211,,-348.0,1251.1879,0.3024,1.6893,9.8983,9.8983,15.3572,0.8893,-86.2911,-42.3879,169.9576,45.2726
crop_RAN_CEL_CUP__event_66effa92184f439cad75189c45d002c2__t0_9163,10,0.4,0,RAN_CEL_CUP.mp4,66effa92184f439cad75189c45d002c2,3,Out,0,out,right,right,98.7807,152.0975,130.7941,129.1174,150.4546,172.9455,175.1629,-277.1008,889.1076,2.7741,1.4835,8.0451,8.0451,16.603,0.8791,-6.5033,182.052,169.9576,45.2726
crop_RAN_CEL_CUP__event_66effa92184f439cad75189c45d002c2__t0_9163,11,0.44,0,RAN_CEL_CUP.mp4,66effa92184f439cad75189c45d002c2,3,Out,0,out,right,right,82.1413,149.8743,120.3136,116.4832,152.1271,177.1306,172.9337,-276.8714,3574.2748,1.7225,0.6825,7.0412,7.0412,21.2273,0.8725,19.2015,-181.4196,169.9576,45.2726
crop_RAN_CEL_CUP__event_66effa92184f439cad75189c45d002c2__t0_9163,12,0.48,0,RAN_CEL_CUP.mp4,66effa92184f439cad75189c45d002c2,3,Out,0,out,right,right,76.631,150.683,116.2806,118.5025,151.9907,,171.2252,8.8411,5963.9311,0.5603,0.7956,5.7556,5.7556,23.5087,0.871,-34.8064,192.7876,169.9576,45.2726
crop_RAN_CEL_CUP__event_66effa92184f439cad75189c45d002c2__t0_9163,13,0.52,0,RAN_CEL_CUP.mp4,66effa92184f439cad75189c45d002c2,3,Out,0,out,right,right,82.8485,152.494,135.7366,118.7138,149.3425,175.0665,169.0871,200.2431,1807.2224,2.5167,1.0008,2.6728,2.6728,24.8977,0.8761,-31.6214,220.4369,169.9576,45.2726
crop_RAN_CEL_CUP__event_66effa92184f439cad75189c45d002c2__t0_9163,14,0.56,0,RAN_CEL_CUP.mp4,66effa92184f439cad75189c45d002c2,3,Out,0,out,right,right,92.6504,147.1643,133.9155,115.6236,149.461,167.7744,167.2958,153.4189,582.819,1.2885,1.3118,0.214,-0.2139,26.6806,0.8804,47.0634,31.868,169.9576,45.2726
crop_RAN_CEL_CUP__event_66effa92184f439cad75189c45d002c2__t0_9163,15,0.6,0,RAN_CEL_CUP.mp4,66effa92184f439cad75189c45d002c2,3,Out,0,out,right,right,95.1221,138.0092,138.2861,116.4323,153.1076,150.1771,165.5532,246.8686,5745.8282,0.9093,1.2328,2.0871,-2.0871,25.2203,0.8816,91.5514,191.6204,169.9576,45.2726
crop_RAN_CEL_CUP__event_66effa92184f439cad75189c45d002c2__t0_9163,16,0.64,0,RAN_CEL_CUP.mp4,66effa92184f439cad75189c45d002c2,3,Out,0,out,right,right,112.3999,127.299,149.2452,112.6042,156.7851,93.839,161.2927,613.0852,4712.3301,3.5814,0.6652,3.6153,-3.6153,23.5893,0.8812,-3.9238,366.0797,169.9576,45.2726
crop_RAN_CEL_CUP__event_66effa92184f439cad75189c45d002c2__t0_9163,17,0.68,0,RAN_CEL_CUP.mp4,66effa92184f439cad75189c45d002c2,3,Out,0,out,right,right,144.1689,120.6026,167.5724,117.671,152.7937,64.2076,159.8201,623.855,-4243.1331,3.7744,0.1847,6.7294,-6.7294,20.9283,0.8818,-50.9533,292.9493,169.9576,45.2726
crop_RAN_CEL_CUP__event_66effa92184f439cad75189c45d002c2__t0_9163,18,0.72,0,RAN_CEL_CUP.mp4,66effa92184f439cad75189c45d002c2,3,Out,0,out,right,right,162.3083,133.334,172.6811,114.4432,152.7088,66.1531,155.566,273.6345,-6625.8979,3.5218,2.0754,10.808,-10.808,15.6953,0.878,204.6963,-10.9201,169.9576,45.2726
crop_RAN_CEL_CUP__event_66effa92184f439cad75189c45d002c2__t0_9163,19,0.76,1,RAN_CEL_CUP.mp4,66effa92184f439cad75189c45d002c2,3,Out,0,out,right,right,166.0596,139.3199,166.6988,117.2413,169.1694,64.9992,150.3956,93.7832,-4496.2835,4.3079,6.8531,11.8043,-11.8043,16.9561,0.8684,411.5143,-149.5567,169.9576,45.2726
crop_RMA_MCI_UCL__event_73d929fa05dd435aa90df7f0224908f5__t0_9600,0,0.0,0,RMA_MCI_UCL.mp4,73d929fa05dd435aa90df7f0224908f5,0,7,1,saved,right,right,163.1204,118.2014,110.9266,123.7592,,125.7596,154.5116,-9.3079,286.2883,0.4836,1.0325,19.5704,19.5704,19.971,0.9822,,223.4167,237.8483,-0.9597
crop_RMA_MCI_UCL__event_73d929fa05dd435aa90df7f0224908f5__t0_9600,1,0.04,0,RMA_MCI_UCL.mp4,73d929fa05dd435aa90df7f0224908f5,0,7,1,saved,right,right,162.7481,119.8896,119.8632,126.5379,,132.1582,155.1742,2.1437,-522.6779,0.4836,1.0325,18.6391,18.6391,21.7296,0.9779,,216.6826,237.8483,-0.9597
crop_RMA_MCI_UCL__event_73d929fa05dd435aa90df7f0224908f5__t0_9600,2,0.08,0,RMA_MCI_UCL.mp4,73d929fa05dd435aa90df7f0224908f5,0,7,1,saved,right,right,163.2919,126.3665,128.2612,125.1153,170.7979,146.9016,155.4596,-51.1221,-2518.4131,0.6945,2.7193,15.6986,15.6986,16.3701,0.9707,-69.9938,124.5255,237.8483,-0.9597
crop_RMA_MCI_UCL__event_73d929fa05dd435aa90df7f0224908f5__t0_9600,3,0.12,0,RMA_MCI_UCL.mp4,73d929fa05dd435aa90df7f0224908f5,0,7,1,saved,right,right,158.6583,133.2283,129.8253,122.0176,165.1983,169.1039,156.0947,-199.3294,-2266.0589,1.1034,2.2836,12.9275,12.9275,12.8072,0.966,-72.9248,-55.21,237.8483,-0.9597
crop_RMA_MCI_UCL__event_73d929fa05dd435aa90df7f0224908f5__t0_9600,4,0.16,0,RMA_MCI_UCL.mp4,73d929fa05dd435aa90df7f0224908f5,0,7,1,saved,right,right,147.3455,139.9697,123.8444,120.316,164.9639,177.1106,157.9868,-232.4068,308.4421,1.3265,2.4756,10.2961,10.2961,11.7321,0.9631,-37.174,-65.4729,237.8483,-0.9597
crop_RMA_MCI_UCL__event_73d929fa05dd435aa90df7f0224908f5__t0_9600,5,0.2,0,RMA_MCI_UCL.mp4,73d929fa05dd435aa90df7f0224908f5,0,7,1,saved,right,right,140.0658,146.6604,124.5875,119.3521,162.2244,167.2637,158.1665,-174.654,-1963.6142,1.2686,2.3078,7.6486,7.6486,6.2496,0.963,-100.0061,1.0983,237.8483,-0.9597
crop_RMA_MCI_UCL__event_73d929fa05dd435aa90df7f0224908f5__t0_9600,6,0.24,0,RMA_MCI_UCL.mp4,73d929fa05dd435aa90df7f0224908f5,0,7,1,saved,right,right,133.3732,153.9259,123.9322,114.6746,156.9634,156.6314,158.1198,-389.4959,-1625.1981,2.0006,2.9247,4.4201,4.4201,1.8605,0.9605,71.8155,0.7293,237.8483,-0.9597
crop_RMA_MCI_UCL__event_73d929fa05dd435aa90df7f0224908f5__t0_9600,7,0.28,0,RMA_MCI_UCL.mp4,73d929fa05dd435aa90df7f0224908f5,0,7,1,saved,right,right,108.9061,162.644,124.6458,108.6488,167.9697,146.3564,160.8854,-304.6699,3582.0317,1.7977,3.1221,1.939,1.9389,1.6498,0.9599,3.5151,43.5304,237.8483,-0.9597
crop_RMA_MCI_UCL__event_73d929fa05dd435aa90df7f0224908f5__t0_9600,8,0.32,0,RMA_MCI_UCL.mp4,73d929fa05dd435aa90df7f0224908f5,0,7,1,saved,right,right,108.9996,171.4485,127.4147,97.4839,157.2446,136.7614,159.1801,-102.9334,1099.4434,1.4666,1.4117,0.6676,-0.6677,4.4392,0.9607,-110.0773,236.8427,237.8483,-0.9597
crop_RMA_MCI_UCL__event_73d929fa05dd435aa90df7f0224908f5__t0_9600,9,0.36,0,RMA_MCI_UCL.mp4,73d929fa05dd435aa90df7f0224908f5,0,7,1,saved,right,right,100.6714,175.56,143.5932,88.172,159.1635,121.6415,157.043,-216.7144,-4257.5228,1.2283,2.3876,2.9443,-2.9443,8.6111,0.9599,128.4824,443.4097,237.8483,-0.9597
crop_RMA_MCI_UCL__event_73d929fa05dd435aa90df7f0224908f5__t0_9600,10,0.4,0,RMA_MCI_UCL.mp4,73d929fa05dd435aa90df7f0224908f5,0,7,1,saved,right,right,91.6625,,162.8875,84.6193,167.5232,110.2763,154.2921,-443.5352,-2535.1244,2.0786,0.7046,5.2063,-5.2063,11.7867,0.9528,166.5228,336.7603,237.8483,-0.9597
crop_RMA_MCI_UCL__event_73d929fa05dd435aa90df7f0224908f5__t0_9600,11,0.44,0,RMA_MCI_UCL.mp4,73d929fa05dd435aa90df7f0224908f5,0,7,1,saved,right,right,65.1886,,170.534,84.8984,172.4853,108.5566,156.2444,-419.5243,4419.7375,1.6292,1.3917,8.3762,-8.3762,16.1706,0.9481,31.7396,-9.2623,237.8483,-0.9597
crop_RMA_MCI_UCL__event_73d929fa05dd435aa90df7f0224908f5__t0_9600,12,0.48,0,RMA_MCI_UCL.mp4,73d929fa05dd435aa90df7f0224908f5,0,7,1,saved,right,right,58.1005,177.0415,162.1465,89.4205,170.0623,105.2625,155.1182,-89.9562,6584.9686,2.14,0.6804,9.8178,-9.8178,22.3268,0.9422,-50.3418,-208.6012,237.8483,-0.9597
crop_RMA_MCI_UCL__event_73d929fa05dd435aa90df7f0224908f5__t0_9600,13,0.52,0,RMA_MCI_UCL.mp4,73d929fa05dd435aa90df7f0224908f5,0,7,1,saved,right,right,57.9921,176.9272,153.8459,111.3548,168.458,87.0451,154.8254,107.2731,5234.071,1.8744,0.6458,12.1945,-12.1945,23.1307,0.9317,-17.9678,-812.6727,237.8483,-0.9597
crop_RMA_MCI_UCL__event_73d929fa05dd435aa90df7f0224908f5__t0_9600,14,0.56,0,RMA_MCI_UCL.mp4,73d929fa05dd435aa90df7f0224908f5,0,7,1,saved,right,right,66.6824,172.2966,97.1327,131.705,168.6249,56.3658,148.7136,328.7694,6307.9005,4.7039,1.6361,14.7035,-14.7035,27.9998,0.9154,-155.3431,-731.4325,237.8483,-0.9597
crop_RMA_MCI_UCL__event_73d929fa05dd435aa90df7f0224908f5__t0_9600,15,0.6,0,RMA_MCI_UCL.mp4,73d929fa05dd435aa90df7f0224908f5,0,7,1,saved,right,right,84.2937,171.1427,95.3313,133.1694,156.0305,23.9035,150.3088,611.9052,2985.5758,4.0238,3.8782,13.8349,-13.8349,32.2502,0.8988,-248.2944,434.5307,237.8483,-0.9597
crop_RMA_MCI_UCL__event_73d929fa05dd435aa90df7f0224908f5__t0_9600,16,0.64,0,RMA_MCI_UCL.mp4,73d929fa05dd435aa90df7f0224908f5,0,7,1,saved,right,right,115.6348,170.5224,131.8951,144.6379,148.7614,57.5142,153.1199,567.6155,-3599.9525,3.58,3.5974,12.9614,-12.9614,38.1208,0.8803,-153.0508,337.5771,237.8483,-0.9597
crop_RMA_MCI_UCL__event_73d929fa05dd435aa90df7f0224908f5__t0_9600,17,0.68,0,RMA_MCI_UCL.mp4,73d929fa05dd435aa90df7f0224908f5,0,7,1,saved,right,right,129.7029,168.8865,122.3375,146.3331,143.7865,68.9285,152.7272,323.909,-2757.0271,4.5067,3.5573,11.4217,-11.4217,35.4713,0.8702,-136.5532,-136.5396,237.8483,-0.9597
crop_RMA_MCI_UCL__event_73d929fa05dd435aa90df7f0224908f5__t0_9600,18,0.72,0,RMA_MCI_UCL.mp4,73d929fa05dd435aa90df7f0224908f5,0,7,1,saved,right,right,141.5475,168.8697,120.9719,144.5054,137.8371,,147.6068,347.0533,926.0273,2.5109,5.8498,9.2182,-9.2182,31.3571,0.8651,-93.2669,-155.1868,237.8483,-0.9597
crop_RMA_MCI_UCL__event_73d929fa05dd435aa90df7f0224908f5__t0_9600,19,0.76,1,RMA_MCI_UCL.mp4,73d929fa05dd435aa90df7f0224908f5,0,7,1,saved,right,right,157.4672,166.5247,109.9226,141.0254,136.3251,108.6254,141.708,397.9912,1273.4461,2.1584,4.9977,8.0453,-8.0454,31.7066,0.8599,-37.8002,-276.2346,237.8483,-0.9597
crop_WHU_BRE_FAC__event_553c56345d444425a353fc8422dae780__t0_3214,0,0.0,0,WHU_BRE_FAC.mp4,553c56345d444425a353fc8422dae780,0,1,0,goal,right,right,161.8987,163.9009,127.9485,126.0393,,112.8551,174.5638,-37.5778,-1845.2549,0.1315,1.6985,17.9777,17.9777,4.887,0.8865,,226.7389,299.1626,31.1972
crop_WHU_BRE_FAC__event_553c56345d444425a353fc8422dae780__t0_3214,1,0.04,0,WHU_BRE_FAC.mp4,553c56345d444425a353fc8422dae780,0,1,0,goal,right,right,160.3956,166.9741,137.0181,135.2887,,117.2916,,-111.388,-1575.3984,0.1315,1.6985,20.7822,20.7821,3.2976,0.8863,,233.0895,299.1626,31.1972
crop_WHU_BRE_FAC__event_553c56345d444425a353fc8422dae780__t0_3214,2,0.08,0,WHU_BRE_FAC.mp4,553c56345d444425a353fc8422dae780,0,1,0,goal,right,right,152.9877,166.0302,146.5957,140.3709,175.0241,115.6129,,-163.6097,-2505.2595,0.2389,2.7562,21.1952,21.1952,3.4066,0.8825,24.6336,200.7553,299.1626,31.1972
crop_WHU_BRE_FAC__event_553c56345d444425a353fc8422dae780__t0_3214,3,0.12,0,WHU_BRE_FAC.mp4,553c56345d444425a353fc8422dae780,0,1,0,goal,right,right,147.3068,166.7555,153.0785,146.3966,176.9948,113.8091,,-311.8088,-2538.5535,0.8968,3.9957,18.6692,18.6692,4.1036,0.8804,-154.7529,-14.9334,299.1626,31.1972
crop_WHU_BRE_FAC__event_553c56345d444425a353fc8422dae780__t0_3214,4,0.16,0,WHU_BRE_FAC.mp4,553c56345d444425a353fc8422dae780,0,1,0,goal,right,right,128.043,154.0821,145.401,133.5704,162.6439,112.1356,177.993,-366.694,3316.0591,2.2799,2.9949,18.4939,18.4939,3.3996,0.876,-274.0929,-595.8001,299.1626,31.1972
crop_WHU_BRE_FAC__event_553c56345d444425a353fc8422dae780__t0_3214,5,0.2,0,WHU_BRE_FAC.mp4,553c56345d444425a353fc8422dae780,0,1,0,goal,right,right,117.9713,150.6516,105.4145,109.4544,155.0674,113.8302,175.2559,-46.524,5756.7132,3.5546,0.501,18.539,18.539,1.0262,0.8623,-183.8839,-244.3779,299.1626,31.1972
crop_WHU_BRE_FAC__event_553c56345d444425a353fc8422dae780__t0_3214,6,0.24,0,WHU_BRE_FAC.mp4,553c56345d444425a353fc8422dae780,0,1,0,goal,right,right,124.321,152.2475,125.8508,116.6704,147.9332,138.2348,172.6564,93.8431,1413.722,3.9982,1.0908,17.579,17.579,0.6097,0.8582,-222.9549,361.9313,299.1626,31.1972
crop_WHU_BRE_FAC__event_553c56345d444425a353fc8422dae780__t0_3214,7,0.28,0,WHU_BRE_FAC.mp4,553c56345d444425a353fc8422dae780,0,1,0,goal,right,right,125.4788,162.1135,134.369,135.1559,137.231,151.3471,171.4917,66.5737,-320.3142,3.3321,1.3715,16.6848,16.6848,2.3197,0.8555,-135.3312,65.1178,299.1626,31.1972
crop_WHU_BRE_FAC__event_553c56345d444425a353fc8422dae780__t0_3214,8,0.32,0,WHU_BRE_FAC.mp4,553c56345d444425a353fc8422dae780,0,1,0,goal,right,right,129.6469,164.3523,131.0602,157.8456,137.1067,116.6081,167.1034,68.2179,997.9606,1.7913,2.528,15.2088,15.2088,2.5593,0.854,54.53,-45.5086,299.1626,31.1972
crop_WHU_BRE_FAC__event_553c56345d444425a353fc8422dae780__t0_3214,9,0.36,0,WHU_BRE_FAC.mp4,553c56345d444425a353fc8422dae780,0,1,0,goal,right,right,130.9362,161.2318,130.7283,153.0842,141.5934,112.6077,167.2193,146.4106,1445.9097,0.6023,2.0579,14.9915,14.9916,1.9021,0.8478,215.012,-33.9539,299.1626,31.1972
crop_WHU_BRE_FAC__event_553c56345d444425a353fc8422dae780__t0_3214,10,0.4,0,WHU_BRE_FAC.mp4,553c56345d444425a353fc8422dae780,0,1,0,goal,right,right,141.3598,125.7869,128.3439,132.5259,154.3076,106.2583,170.1681,183.8907,-1955.6451,1.7898,1.5177,13.7793,13.7793,0.0713,0.8427,195.4819,141.0595,299.1626,31.1972
crop_WHU_BRE_FAC__event_553c56345d444425a353fc8422dae780__t0_3214,11,0.44,0,WHU_BRE_FAC.mp4,553c56345d444425a353fc8422dae780,0,1,0,goal,right,right,145.6474,132.0165,142.013,150.3999,157.2319,96.7681,171.2492,-10.041,-871.3961,1.2821,0.9336,14.4278,14.4278,0.4829,0.8358,118.5671,-42.259,299.1626,31.1972
crop_WHU_BRE_FAC__event_553c56345d444425a353fc8422dae780__t0_3214,12,0.48,0,WHU_BRE_FAC.mp4,553c56345d444425a353fc8422dae780,0,1,0,goal,right,right,140.5565,145.9945,124.9632,151.6358,163.793,87.8026,172.379,114.179,-54.0972,2.7671,0.8306,13.9715,13.9715,1.2738,0.8343,155.598,-2.4549,299.1626,31.1972
crop_WHU_BRE_FAC__event_553c56345d444425a353fc8422dae780__t0_3214,13,0.52,0,WHU_BRE_FAC.mp4,553c56345d444425a353fc8422dae780,0,1,0,goal,right,right,154.7818,169.382,141.8167,171.9376,,117.0721,168.3549,-14.3688,-11709.5494,2.0705,1.2839,12.1569,12.1569,1.1744,0.8416,,205.3982,299.1626,31.1972
crop_WHU_BRE_FAC__event_553c56345d444425a353fc8422dae780__t0_3214,14,0.56,0,WHU_BRE_FAC.mp4,553c56345d444425a353fc8422dae780,0,1,0,goal,right,right,139.407,173.3156,141.395,169.7619,175.5665,156.1732,167.2798,-822.5849,-14107.0032,3.2155,2.3856,7.0427,7.0428,0.8607,0.8499,78.362,-90.6061,299.1626,31.1972
crop_WHU_BRE_FAC__event_553c56345d444425a353fc8422dae780__t0_3214,15,0.6,0,WHU_BRE_FAC.mp4,553c56345d444425a353fc8422dae780,0,1,0,goal,right,right,88.975,174.7563,134.5682,163.628,175.9487,174.193,172.5641,-1142.9291,799.0617,6.4493,5.9442,0.0,-0.0018,14.5318,0.8604,-111.9331,117.3834,299.1626,31.1972
crop_WHU_BRE_FAC__event_553c56345d444425a353fc8422dae780__t0_3214,16,0.64,0,WHU_BRE_FAC.mp4,553c56345d444425a353fc8422dae780,0,1,0,goal,right,right,47.9727,174.869,150.7857,162.2034,166.6119,,169.2552,-758.66,21354.8252,4.3497,7.2097,7.0468,-7.0469,13.9969,0.8533,-225.7734,113.7571,299.1626,31.1972
crop_WHU_BRE_FAC__event_553c56345d444425a353fc8422dae780__t0_3214,17,0.68,0,WHU_BRE_FAC.mp4,553c56345d444425a353fc8422dae780,0,1,0,goal,right,right,28.2822,176.4527,143.6687,153.4694,157.8869,,176.0292,565.4569,23162.2072,5.2423,3.1623,11.8048,-11.8048,25.5296,0.8487,-32.5569,-70.1141,299.1626,31.1972
crop_WHU_BRE_FAC__event_553c56345d444425a353fc8422dae780__t0_3214,18,0.72,0,WHU_BRE_FAC.mp4,553c56345d444425a353fc8422dae780,0,1,0,goal,right,right,,176.1624,145.1765,154.2871,164.0073,5.7731,164.0668,,,13.8495,3.3789,17.1415,-17.1415,27.141,0.8485,-133.6586,-143.6436,299.1626,31.1972
crop_WHU_BRE_FAC__event_553c56345d444425a353fc8422dae780__t0_3214,19,0.76,1,WHU_BRE_FAC.mp4,553c56345d444425a353fc8422dae780,0,1,0,goal,right,right,158.1363,171.7161,132.1772,162.8898,147.1942,,137.4393,1623.1762,13221.4913,5.8951,12.9469,9.6838,-9.6838,22.2453,0.8446,-420.3289,-324.9825,299.1626,31.1972
crop_WHU_BRE_FAC__event_677798ab842b425582f450df5d7e60a5__t0_6671,0,0.0,0,WHU_BRE_FAC.mp4,677798ab842b425582f450df5d7e60a5,1,3,1,goal,right,right,,171.817,165.4875,174.0722,172.8677,,,,,1.3109,1.0705,7.7932,-7.7932,10.0635,0.742,21.3295,237.4702,-148.9101,-21.6866
crop_WHU_BRE_FAC__event_677798ab842b425582f450df5d7e60a5__t0_6671,1,0.04,0,WHU_BRE_FAC.mp4,677798ab842b425582f450df5d7e60a5,1,3,1,goal,right,right,,174.8114,174.9863,140.558,173.7209,,,,,1.3109,1.0705,7.339,-7.339,9.5569,0.7401,26.2844,120.726,-148.9101,-21.6866
crop_WHU_BRE_FAC__event_677798ab842b425582f450df5d7e60a5__t0_6671,2,0.08,0,WHU_BRE_FAC.mp4,677798ab842b425582f450df5d7e60a5,1,3,1,goal,right,right,177.7608,172.9587,175.1455,147.6236,174.9705,,,-9.4007,-94.9264,0.9246,0.9475,6.8958,-6.8958,10.1696,0.7397,33.9363,-34.3586,-148.9101,-21.6866
crop_WHU_BRE_FAC__event_677798ab842b425582f450df5d7e60a5__t0_6671,3,0.12,0,WHU_BRE_FAC.mp4,677798ab842b425582f450df5d7e60a5,1,3,1,goal,right,right,177.0087,173.5415,172.2376,159.6493,176.4358,,,-16.9949,-17.9696,0.1949,0.9489,6.5197,-6.5197,10.0773,0.7373,14.395,-0.1734,-148.9101,-21.6866
crop_WHU_BRE_FAC__event_677798ab842b425582f450df5d7e60a5__t0_6671,4,0.16,0,WHU_BRE_FAC.mp4,677798ab842b425582f450df5d7e60a5,1,3,1,goal,right,right,176.4012,171.6486,175.1317,163.4791,,,,-10.8383,259.285,0.8542,1.2208,5.9174,-5.9173,10.0234,0.7324,,58.5754,-148.9101,-21.6866
crop_WHU_BRE_FAC__event_677798ab842b425582f450df5d7e60a5__t0_6671,5,0.2,0,WHU_BRE_FAC.mp4,677798ab842b425582f450df5d7e60a5,1,3,1,goal,right,right,176.1416,169.0463,176.9236,158.1528,175.8083,,,3.7479,176.0626,1.2956,1.3021,5.2237,-5.2237,10.0906,0.7287,-22.176,26.9953,-148.9101,-21.6866
crop_WHU_BRE_FAC__event_677798ab842b425582f450df5d7e60a5__t0_6671,6,0.24,0,WHU_BRE_FAC.mp4,677798ab842b425582f450df5d7e60a5,1,3,1,goal,right,right,,166.2374,177.2913,166.6873,174.348,,,,,1.3384,1.358,5.2393,-5.2393,11.1096,0.7305,-72.1422,-23.8052,-148.9101,-21.6866
crop_WHU_BRE_FAC__event_677798ab842b425582f450df5d7e60a5__t0_6671,7,0.28,0,WHU_BRE_FAC.mp4,677798ab842b425582f450df5d7e60a5,1,3,1,goal,right,right,177.2604,168.9447,175.0192,172.6474,170.0369,,,2.7454,-132.314,2.3431,2.1202,4.9941,-4.9941,10.121,0.7275,-96.4443,-31.9433,-148.9101,-21.6866
crop_WHU_BRE_FAC__event_677798ab842b425582f450df5d7e60a5__t0_6671,8,0.32,0,WHU_BRE_FAC.mp4,677798ab842b425582f450df5d7e60a5,1,3,1,goal,right,right,,169.8897,174.7358,163.997,166.6324,,,,,1.2223,1.6472,4.4415,-4.4415,11.6638,0.7255,-63.3272,-141.7915,-148.9101,-21.6866
crop_WHU_BRE_FAC__event_677798ab842b425582f450df5d7e60a5__t0_6671,9,0.36,0,WHU_BRE_FAC.mp4,677798ab842b425582f450df5d7e60a5,1,3,1,goal,right,right,176.5809,171.4015,163.6759,149.0027,164.9708,,,-17.4223,83.1997,2.861,1.3303,5.0227,-5.0226,10.4427,0.7379,-50.4349,-166.5829,-148.9101,-21.6866
crop_WHU_BRE_FAC__event_677798ab842b425582f450df5d7e60a5__t0_6671,10,0.4,0,WHU_BRE_FAC.mp4,677798ab842b425582f450df5d7e60a5,1,3,1,goal,right,right,175.5269,170.4221,161.4092,128.5835,162.5976,102.976,,-0.6824,-361.0826,0.6734,1.3403,4.8074,-4.8074,10.6852,0.7457,-97.4922,-91.7416,-148.9101,-21.6866
crop_WHU_BRE_FAC__event_677798ab842b425582f450df5d7e60a5__t0_6671,11,0.44,0,WHU_BRE_FAC.mp4,677798ab842b425582f450df5d7e60a5,1,3,1,goal,right,right,176.5263,170.7161,156.3365,77.1405,157.1714,103.4396,,-46.3089,-506.6109,1.2344,2.1245,4.1674,-4.1674,10.4257,0.7541,-85.3163,70.4914,-148.9101,-21.6866
crop_WHU_BRE_FAC__event_677798ab842b425582f450df5d7e60a5__t0_6671,12,0.48,0,WHU_BRE_FAC.mp4,677798ab842b425582f450df5d7e60a5,1,3,1,goal,right,right,171.8222,173.1921,167.0485,106.4195,155.7723,110.0133,,-41.2113,679.7862,0.1378,2.0412,3.4539,-3.4539,10.6515,0.7613,-26.8646,129.4687,-148.9101,-21.6866
crop_WHU_BRE_FAC__event_677798ab842b425582f450df5d7e60a5__t0_6671,13,0.52,0,WHU_BRE_FAC.mp4,677798ab842b425582f450df5d7e60a5,1,3,1,goal,right,right,173.2294,175.7719,166.694,141.9176,155.0222,113.0034,,8.074,-865.2854,0.9771,1.2147,3.1664,-3.1664,8.5981,0.7725,20.5656,-29.6711,-148.9101,-21.6866
crop_WHU_BRE_FAC__event_677798ab842b425582f450df5d7e60a5__t0_6671,14,0.56,0,WHU_BRE_FAC.mp4,677798ab842b425582f450df5d7e60a5,1,3,1,goal,right,right,172.4681,174.5302,164.6748,124.7105,157.4176,116.3617,,-110.4342,-5178.7066,0.5459,1.0999,2.6495,-2.6496,7.9898,0.7862,8.2373,-206.6772,-148.9101,-21.6866
crop_WHU_BRE_FAC__event_677798ab842b425582f450df5d7e60a5__t0_6671,15,0.6,0,WHU_BRE_FAC.mp4,677798ab842b425582f450df5d7e60a5,1,3,1,goal,right,right,164.3947,174.611,150.1599,128.8935,155.6812,121.382,,-406.2225,-3592.6652,2.396,0.5563,2.4478,-2.4478,7.709,0.7975,-57.2014,-38.2212,-148.9101,-21.6866
crop_WHU_BRE_FAC__event_677798ab842b425582f450df5d7e60a5__t0_6671,16,0.64,0,WHU_BRE_FAC.mp4,677798ab842b425582f450df5d7e60a5,1,3,1,goal,right,right,139.9703,,161.6171,172.3145,152.8415,126.8545,166.9433,-397.8474,2757.0271,5.1971,0.1598,1.7217,-1.7215,7.8471,0.8082,-90.366,-186.3447,-148.9101,-21.6866
crop_WHU_BRE_FAC__event_677798ab842b425582f450df5d7e60a5__t0_6671,17,0.68,0,WHU_BRE_FAC.mp4,677798ab842b425582f450df5d7e60a5,1,3,1,goal,right,right,132.5669,,135.2523,160.8307,148.4519,134.4348,174.2507,-185.6604,3464.9765,0.8384,0.1739,1.1787,-1.1786,6.5353,0.8222,-124.0894,-357.3896,-148.9101,-21.6866
crop_WHU_BRE_FAC__event_677798ab842b425582f450df5d7e60a5__t0_6671,18,0.72,0,WHU_BRE_FAC.mp4,677798ab842b425582f450df5d7e60a5,1,3,1,goal,right,right,125.1174,172.3743,133.026,155.5756,142.9143,141.8434,166.7617,-120.6492,1632.4759,0.2536,0.1587,0.3386,0.3387,5.4439,0.8375,-103.0155,-144.9419,-148.9101,-21.6866
crop_WHU_BRE_FAC__event_677798ab842b425582f450df5d7e60a5__t0_6671,19,0.76,1,WHU_BRE_FAC.mp4,677798ab842b425582f450df5d7e60a5,1,3,1,goal,right,right,122.915,164.1621,123.6569,,140.2107,143.0093,163.9655,-55.0623,1639.6737,0.7552,0.1348,2.8964,2.8964,4.8429,0.8512,-67.5911,-234.2255,-148.9101,-21.6866
crop_WHU_LUN_FAC__event_e2100d4d445e493f8c41c489873ce8a2__t0_11083,0,0.0,0,WHU_LUN_FAC.mp4,e2100d4d445e493f8c41c489873ce8a2,1,1,1,goal,right,right,170.2,144.3729,158.0056,155.8962,166.5105,,,96.4619,-1147.6707,0.1332,2.6713,16.2549,-16.2549,8.5437,0.707,-13.1912,87.9913,-147.5214,5.2581
crop_WHU_LUN_FAC__event_e2100d4d445e493f8c41c489873ce8a2__t0_11083,1,0.04,0,WHU_LUN_FAC.mp4,e2100d4d445e493f8c41c489873ce8a2,1,1,1,goal,right,right,174.0584,139.3497,161.5253,145.9303,165.9828,,,50.555,-4243.8722,0.1332,2.6713,20.1749,-20.1749,9.1227,0.709,-34.589,18.5686,-147.5214,5.2581
crop_WHU_LUN_FAC__event_e2100d4d445e493f8c41c489873ce8a2__t0_11083,2,0.08,0,WHU_LUN_FAC.mp4,e2100d4d445e493f8c41c489873ce8a2,1,1,1,goal,right,right,174.2444,128.6997,159.4911,125.6739,163.7433,,,-243.0479,-8854.5644,0.0731,3.2412,24.7686,-24.7686,4.8505,0.7099,-91.1213,-128.0609,-147.5214,5.2581
crop_WHU_LUN_FAC__event_e2100d4d445e493f8c41c489873ce8a2__t0_11083,3,0.12,0,WHU_LUN_FAC.mp4,e2100d4d445e493f8c41c489873ce8a2,1,1,1,goal,right,right,154.6146,134.8858,151.2804,130.5533,158.6931,,,-657.8101,3131.1798,2.5507,4.6971,26.076,-26.0759,2.5151,0.7082,-258.7395,-200.5938,-147.5214,5.2581
crop_WHU_LUN_FAC__event_e2100d4d445e493f8c41c489873ce8a2__t0_11083,4,0.16,0,WHU_LUN_FAC.mp4,e2100d4d445e493f8c41c489873ce8a2,1,1,1,goal,right,right,121.6196,134.9529,143.4436,126.9527,143.0442,,,7.4465,9833.8628,1.9817,1.2636,28.9271,-28.9271,5.6244,0.7053,-299.926,-336.512,-147.5214,5.2581
crop_WHU_LUN_FAC__event_e2100d4d445e493f8c41c489873ce8a2__t0_11083,5,0.2,0,WHU_LUN_FAC.mp4,e2100d4d445e493f8c41c489873ce8a2,1,1,1,goal,right,right,155.2103,106.5766,124.3594,94.5188,134.699,,,128.8989,-857.3651,8.5793,1.5397,30.2864,-30.2864,5.8857,0.6972,-235.3086,-177.2091,-147.5214,5.2581
crop_WHU_LUN_FAC__event_e2100d4d445e493f8c41c489873ce8a2__t0_11083,6,0.24,0,WHU_LUN_FAC.mp4,e2100d4d445e493f8c41c489873ce8a2,1,1,1,goal,right,right,131.9315,133.0729,129.2669,99.364,124.2195,,,-61.1427,3000.5777,2.0515,2.2603,31.723,-31.723,8.1883,0.71,-142.9744,492.7357,-147.5214,5.2581
crop_WHU_LUN_FAC__event_e2100d4d445e493f8c41c489873ce8a2__t0_11083,7,0.28,0,WHU_LUN_FAC.mp4,e2100d4d445e493f8c41c489873ce8a2,1,1,1,goal,right,right,150.3189,151.2415,163.7783,132.2339,123.2611,,,368.9451,3209.6028,0.7518,0.7352,31.4011,-31.4011,7.7435,0.6965,-33.7646,321.0236,-147.5214,5.2581
crop_WHU_LUN_FAC__event_e2100d4d445e493f8c41c489873ce8a2__t0_11083,8,0.32,0,WHU_LUN_FAC.mp4,e2100d4d445e493f8c41c489873ce8a2,1,1,1,goal,right,right,161.4471,168.72,154.9488,158.4647,121.5183,,4.7129,195.6255,-5545.2085,3.0202,2.59,30.294,-30.294,11.6574,0.7062,10.6158,-125.1289,-147.5214,5.2581
crop_WHU_LUN_FAC__event_e2100d4d445e493f8c41c489873ce8a2__t0_11083,9,0.36,0,WHU_LUN_FAC.mp4,e2100d4d445e493f8c41c489873ce8a2,1,1,1,goal,right,right,165.9689,151.5281,153.768,151.0897,124.1103,,4.2522,-74.6716,-2937.2573,0.53,2.4397,30.0756,-30.0756,14.5046,0.7048,45.7778,-42.5312,-147.5214,5.2581
crop_WHU_LUN_FAC__event_e2100d4d445e493f8c41c489873ce8a2__t0_11083,10,0.4,0,WHU_LUN_FAC.mp4,e2100d4d445e493f8c41c489873ce8a2,1,1,1,goal,right,right,155.4734,137.3234,151.5463,114.1007,125.1805,,,-39.3551,2909.5781,2.467,0.2666,28.8109,-28.8109,12.5777,0.6911,249.7023,159.4852,-147.5214,5.2581
crop_WHU_LUN_FAC__event_e2100d4d445e493f8c41c489873ce8a2__t0_11083,11,0.44,0,WHU_LUN_FAC.mp4,e2100d4d445e493f8c41c489873ce8a2,1,1,1,goal,right,right,162.8205,146.6246,166.5268,124.9293,144.0865,,,158.0947,1993.5179,3.0277,4.8774,21.7527,-21.7527,10.4555,0.6938,500.6539,244.2282,-147.5214,5.2581
crop_WHU_LUN_FAC__event_e2100d4d445e493f8c41c489873ce8a2__t0_11083,12,0.48,0,WHU_LUN_FAC.mp4,e2100d4d445e493f8c41c489873ce8a2,1,1,1,goal,right,right,,123.3603,171.0845,116.0498,165.2328,,,,,4.2437,1.2768,20.7988,-20.7988,16.1005,0.6937,292.9726,64.5931,-147.5214,5.2581
crop_WHU_LUN_FAC__event_e2100d4d445e493f8c41c489873ce8a2__t0_11083,13,0.52,0,WHU_LUN_FAC.mp4,e2100d4d445e493f8c41c489873ce8a2,1,1,1,goal,right,right,173.4213,155.1946,171.6942,144.7334,167.5243,174.3595,,82.158,-5262.3248,2.2218,1.9704,20.3648,-20.3648,13.1069,0.7024,156.7699,-29.7094,-147.5214,5.2581
crop_WHU_LUN_FAC__event_e2100d4d445e493f8c41c489873ce8a2__t0_11083,14,0.56,0,WHU_LUN_FAC.mp4,e2100d4d445e493f8c41c489873ce8a2,1,1,1,goal,right,right,174.6936,135.6191,168.7078,138.9848,177.7744,157.0711,,-300.8596,-7358.3734,2.5499,4.2094,18.7315,-18.7315,8.5622,0.7135,84.3838,-273.3238,-147.5214,5.2581
crop_WHU_LUN_FAC__event_e2100d4d445e493f8c41c489873ce8a2__t0_11083,15,0.6,0,WHU_LUN_FAC.mp4,e2100d4d445e493f8c41c489873ce8a2,1,1,1,goal,right,right,149.3526,116.0752,149.8283,111.0338,,150.9339,,-506.5119,2668.7479,4.2409,3.4518,18.5319,-18.5319,1.5168,0.7047,,-137.5124,-147.5214,5.2581
crop_WHU_LUN_FAC__event_e2100d4d445e493f8c41c489873ce8a2__t0_11083,16,0.64,0,WHU_LUN_FAC.mp4,e2100d4d445e493f8c41c489873ce8a2,1,1,1,goal,right,right,134.1726,135.1245,157.7068,109.7575,170.7756,,,-87.3598,3761.7064,4.4466,6.742,15.9311,-15.9311,10.1425,0.7004,-135.7798,-175.6191,-147.5214,5.2581
crop_WHU_LUN_FAC__event_e2100d4d445e493f8c41c489873ce8a2__t0_11083,17,0.68,0,WHU_LUN_FAC.mp4,e2100d4d445e493f8c41c489873ce8a2,1,1,1,goal,right,right,142.3638,132.8204,135.7788,130.4495,163.4126,166.7521,,-205.5754,3278.7633,0.6659,5.9744,10.2457,-10.2457,3.3383,0.6905,54.0878,-154.1668,-147.5214,5.2581
crop_WHU_LUN_FAC__event_e2100d4d445e493f8c41c489873ce8a2__t0_11083,18,0.72,0,WHU_LUN_FAC.mp4,e2100d4d445e493f8c41c489873ce8a2,1,1,1,goal,right,right,117.7266,131.8749,145.3734,134.7153,175.1026,176.8837,,174.9413,14642.3411,2.6854,2.4956,5.6727,-5.6727,4.1851,0.6985,-314.9134,391.0429,-147.5214,5.2581
crop_WHU_LUN_FAC__event_e2100d4d445e493f8c41c489873ce8a2__t0_11083,19,0.76,1,WHU_LUN_FAC.mp4,e2100d4d445e493f8c41c489873ce8a2,1,1,1,goal,right,right,156.3591,128.694,167.0622,116.4086,138.2196,144.8092,,965.8119,19771.7667,14.0446,1.4254,2.6986,-2.6986,0.1267,0.6848,-922.0764,542.2203,-147.5214,5.2581
